file_A,file_B,key,vertical,pitch_jitter,tempo,timing,jitter,register,type,track,anchor,combo
features/Track00004_S01_p17_clean.pt,features/Track00004_S03_p17_clean.pt,1,1,1,1,1,1,0.0973,positive,Track00004,17,bass_main
features/Track00004_S01_p17_aug0.pt,features/Track00004_S03_p17_aug0.pt,1,1,1,1,1,1,0.0929,augmented,Track00004,17,bass_main
features/Track00004_S01_p17_clean.pt,features/Track00004_S03_p17_reg1.pt,1,1,1,1,1,1,0.4228,register_var,Track00004,17,bass_main
features/Track00004_S01_p17_clean.pt,features/Track00004_S03_p17_reg2.pt,1,1,1,1,1,1,0.0,register_var,Track00004,17,bass_main
features/Track00004_S01_p17_clean.pt,features/Track00004_S03_p17_key3.pt,0,1,1,1,1,1,0.0851,key,Track00004,17,bass_main
features/Track00004_S01_p17_clean.pt,features/Track00004_p17_vertical4.pt,1,0,1,1,1,1,0.0,vertical,Track00004,17,bass_main
features/Track00004_S01_p17_clean.pt,features/Track00004_S03_p17_pitch_jitter5.pt,1,1,0,1,1,1,0.0836,pitch_jitter,Track00004,17,bass_main
features/Track00004_S01_p17_clean.pt,features/Track00004_S03_p17_tempo6.pt,1,1,1,0,1,1,0.0973,tempo,Track00004,17,bass_main
features/Track00004_S01_p17_clean.pt,features/Track00004_S03_p17_timing7.pt,1,1,1,1,0,1,0.0973,timing,Track00004,17,bass_main
features/Track00004_S01_p17_clean.pt,features/Track00004_S03_p17_jitter8.pt,1,1,1,1,1,0,0.0973,jitter,Track00004,17,bass_main
features/Track00004_S00_p17_clean.pt,features/Track00004_S03_p17_clean.pt,1,1,1,1,1,1,0.2352,positive,Track00004,17,mel_mel
features/Track00004_S00_p17_aug9.pt,features/Track00004_S03_p17_aug9.pt,1,1,1,1,1,1,0.2458,augmented,Track00004,17,mel_mel
features/Track00004_S00_p17_clean.pt,features/Track00004_S03_p17_reg10.pt,1,1,1,1,1,1,0.6679,register_var,Track00004,17,mel_mel
features/Track00004_S00_p17_clean.pt,features/Track00004_S03_p17_reg11.pt,1,1,1,1,1,1,0.0697,register_var,Track00004,17,mel_mel
features/Track00004_S00_p17_clean.pt,features/Track00004_S03_p17_key12.pt,0,1,1,1,1,1,0.1992,key,Track00004,17,mel_mel
features/Track00004_S00_p17_clean.pt,features/Track00004_p17_vertical13.pt,1,0,1,1,1,1,0.3923,vertical,Track00004,17,mel_mel
features/Track00004_S00_p17_clean.pt,features/Track00004_S03_p17_pitch_jitter14.pt,1,1,0,1,1,1,0.2598,pitch_jitter,Track00004,17,mel_mel
features/Track00004_S00_p17_clean.pt,features/Track00004_S03_p17_tempo15.pt,1,1,1,0,1,1,0.2352,tempo,Track00004,17,mel_mel
features/Track00004_S00_p17_clean.pt,features/Track00004_S03_p17_timing16.pt,1,1,1,1,0,1,0.2352,timing,Track00004,17,mel_mel
features/Track00004_S00_p17_clean.pt,features/Track00004_S03_p17_jitter17.pt,1,1,1,1,1,0,0.2352,jitter,Track00004,17,mel_mel
features/Track00004_S01_p32_clean.pt,features/Track00004_S03_p32_clean.pt,1,1,1,1,1,1,0.0999,positive,Track00004,32,bass_main
features/Track00004_S01_p32_aug18.pt,features/Track00004_S03_p32_aug18.pt,1,1,1,1,1,1,0.1089,augmented,Track00004,32,bass_main
features/Track00004_S01_p32_clean.pt,features/Track00004_S03_p32_reg19.pt,1,1,1,1,1,1,0.4228,register_var,Track00004,32,bass_main
features/Track00004_S01_p32_clean.pt,features/Track00004_S03_p32_reg20.pt,1,1,1,1,1,1,0.0,register_var,Track00004,32,bass_main
features/Track00004_S01_p32_clean.pt,features/Track00004_S03_p32_key21.pt,0,1,1,1,1,1,0.0874,key,Track00004,32,bass_main
features/Track00004_S01_p32_clean.pt,features/Track00004_p32_vertical22.pt,1,0,1,1,1,1,0.0,vertical,Track00004,32,bass_main
features/Track00004_S01_p32_clean.pt,features/Track00004_S03_p32_pitch_jitter23.pt,1,1,0,1,1,1,0.0265,pitch_jitter,Track00004,32,bass_main
features/Track00004_S01_p32_clean.pt,features/Track00004_S03_p32_tempo24.pt,1,1,1,0,1,1,0.0999,tempo,Track00004,32,bass_main
features/Track00004_S01_p32_clean.pt,features/Track00004_S03_p32_timing25.pt,1,1,1,1,0,1,0.0999,timing,Track00004,32,bass_main
features/Track00004_S01_p32_clean.pt,features/Track00004_S03_p32_jitter26.pt,1,1,1,1,1,0,0.0999,jitter,Track00004,32,bass_main
features/Track00004_S00_p32_clean.pt,features/Track00004_S03_p32_clean.pt,1,1,1,1,1,1,0.2488,positive,Track00004,32,mel_mel
features/Track00004_S00_p32_aug27.pt,features/Track00004_S03_p32_aug27.pt,1,1,1,1,1,1,0.243,augmented,Track00004,32,mel_mel
features/Track00004_S00_p32_clean.pt,features/Track00004_S03_p32_reg28.pt,1,1,1,1,1,1,0.7145,register_var,Track00004,32,mel_mel
features/Track00004_S00_p32_clean.pt,features/Track00004_S03_p32_reg29.pt,1,1,1,1,1,1,0.0735,register_var,Track00004,32,mel_mel
features/Track00004_S00_p32_clean.pt,features/Track00004_S03_p32_key30.pt,0,1,1,1,1,1,0.2856,key,Track00004,32,mel_mel
features/Track00004_S00_p32_clean.pt,features/Track00004_p32_vertical31.pt,1,0,1,1,1,1,0.3866,vertical,Track00004,32,mel_mel
features/Track00004_S00_p32_clean.pt,features/Track00004_S03_p32_pitch_jitter32.pt,1,1,0,1,1,1,0.2082,pitch_jitter,Track00004,32,mel_mel
features/Track00004_S00_p32_clean.pt,features/Track00004_S03_p32_tempo33.pt,1,1,1,0,1,1,0.2488,tempo,Track00004,32,mel_mel
features/Track00004_S00_p32_clean.pt,features/Track00004_S03_p32_timing34.pt,1,1,1,1,0,1,0.2488,timing,Track00004,32,mel_mel
features/Track00004_S00_p32_clean.pt,features/Track00004_S03_p32_jitter35.pt,1,1,1,1,1,0,0.2488,jitter,Track00004,32,mel_mel
features/Track00003_S01_p9_clean.pt,features/Track00003_S04_p9_clean.pt,1,1,1,1,1,1,0.7414,positive,Track00003,9,bass_main
features/Track00003_S01_p9_aug0.pt,features/Track00003_S04_p9_aug0.pt,1,1,1,1,1,1,0.5537,augmented,Track00003,9,bass_main
features/Track00003_S01_p9_clean.pt,features/Track00003_S04_p9_reg1.pt,1,1,1,1,1,1,0.8832,register_var,Track00003,9,bass_main
features/Track00003_S01_p9_clean.pt,features/Track00003_S04_p9_reg2.pt,1,1,1,1,1,1,0.2264,register_var,Track00003,9,bass_main
features/Track00003_S01_p9_clean.pt,features/Track00003_S04_p9_key3.pt,0,1,1,1,1,1,0.7414,key,Track00003,9,bass_main
features/Track00003_S01_p9_clean.pt,features/Track00003_p9_vertical4.pt,1,0,1,1,1,1,0.4072,vertical,Track00003,9,bass_main
features/Track00003_S01_p9_clean.pt,features/Track00003_S04_p9_pitch_jitter5.pt,1,1,0,1,1,1,0.6824,pitch_jitter,Track00003,9,bass_main
features/Track00003_S01_p9_clean.pt,features/Track00003_S04_p9_tempo6.pt,1,1,1,0,1,1,0.7414,tempo,Track00003,9,bass_main
features/Track00003_S01_p9_clean.pt,features/Track00003_S04_p9_timing7.pt,1,1,1,1,0,1,0.7414,timing,Track00003,9,bass_main
features/Track00003_S01_p9_clean.pt,features/Track00003_S04_p9_jitter8.pt,1,1,1,1,1,0,0.7414,jitter,Track00003,9,bass_main
features/Track00003_S02_p9_clean.pt,features/Track00003_S04_p9_clean.pt,1,1,1,1,1,1,0.9295,positive,Track00003,9,mel_mel
features/Track00003_S02_p9_aug9.pt,features/Track00003_S04_p9_aug9.pt,1,1,1,1,1,1,0.872,augmented,Track00003,9,mel_mel
features/Track00003_S02_p9_clean.pt,features/Track00003_S04_p9_reg10.pt,1,1,1,1,1,1,0.6859,register_var,Track00003,9,mel_mel
features/Track00003_S02_p9_clean.pt,features/Track00003_S04_p9_reg11.pt,1,1,1,1,1,1,0.3583,register_var,Track00003,9,mel_mel
features/Track00003_S02_p9_clean.pt,features/Track00003_S04_p9_key12.pt,0,1,1,1,1,1,0.9295,key,Track00003,9,mel_mel
features/Track00003_S02_p9_clean.pt,features/Track00003_p9_vertical13.pt,1,0,1,1,1,1,0.8538,vertical,Track00003,9,mel_mel
features/Track00003_S02_p9_clean.pt,features/Track00003_S04_p9_pitch_jitter14.pt,1,1,0,1,1,1,0.9303,pitch_jitter,Track00003,9,mel_mel
features/Track00003_S02_p9_clean.pt,features/Track00003_S04_p9_tempo15.pt,1,1,1,0,1,1,0.9295,tempo,Track00003,9,mel_mel
features/Track00003_S02_p9_clean.pt,features/Track00003_S04_p9_timing16.pt,1,1,1,1,0,1,0.9295,timing,Track00003,9,mel_mel
features/Track00003_S02_p9_clean.pt,features/Track00003_S04_p9_jitter17.pt,1,1,1,1,1,0,0.9295,jitter,Track00003,9,mel_mel
features/Track00003_S01_p54_clean.pt,features/Track00003_S08_p54_clean.pt,1,1,1,1,1,1,0.5568,positive,Track00003,54,bass_main
features/Track00003_S01_p54_aug18.pt,features/Track00003_S08_p54_aug18.pt,1,1,1,1,1,1,0.7149,augmented,Track00003,54,bass_main
features/Track00003_S01_p54_clean.pt,features/Track00003_S08_p54_reg19.pt,1,1,1,1,1,1,0.9052,register_var,Track00003,54,bass_main
features/Track00003_S01_p54_clean.pt,features/Track00003_S08_p54_reg20.pt,1,1,1,1,1,1,0.3405,register_var,Track00003,54,bass_main
features/Track00003_S01_p54_clean.pt,features/Track00003_S08_p54_key21.pt,0,1,1,1,1,1,0.5204,key,Track00003,54,bass_main
features/Track00003_S01_p54_clean.pt,features/Track00003_p54_vertical22.pt,1,0,1,1,1,1,0.3674,vertical,Track00003,54,bass_main
features/Track00003_S01_p54_clean.pt,features/Track00003_S08_p54_pitch_jitter23.pt,1,1,0,1,1,1,0.5403,pitch_jitter,Track00003,54,bass_main
features/Track00003_S01_p54_clean.pt,features/Track00003_S08_p54_tempo24.pt,1,1,1,0,1,1,0.5568,tempo,Track00003,54,bass_main
features/Track00003_S01_p54_clean.pt,features/Track00003_S08_p54_timing25.pt,1,1,1,1,0,1,0.5568,timing,Track00003,54,bass_main
features/Track00003_S01_p54_clean.pt,features/Track00003_S08_p54_jitter26.pt,1,1,1,1,1,0,0.5568,jitter,Track00003,54,bass_main
features/Track00003_S00_p54_clean.pt,features/Track00003_S02_p54_clean.pt,1,1,1,1,1,1,0.6902,positive,Track00003,54,mel_mel
features/Track00003_S00_p54_aug27.pt,features/Track00003_S02_p54_aug27.pt,1,1,1,1,1,1,0.6744,augmented,Track00003,54,mel_mel
features/Track00003_S00_p54_clean.pt,features/Track00003_S02_p54_reg28.pt,1,1,1,1,1,1,0.6479,register_var,Track00003,54,mel_mel
features/Track00003_S00_p54_clean.pt,features/Track00003_S02_p54_reg29.pt,1,1,1,1,1,1,0.708,register_var,Track00003,54,mel_mel
features/Track00003_S00_p54_clean.pt,features/Track00003_S02_p54_key30.pt,0,1,1,1,1,1,0.6924,key,Track00003,54,mel_mel
features/Track00003_S02_p54_clean.pt,features/Track00003_p54_vertical31.pt,1,0,1,1,1,1,0.7375,vertical,Track00003,54,mel_mel
features/Track00003_S00_p54_clean.pt,features/Track00003_S02_p54_pitch_jitter32.pt,1,1,0,1,1,1,0.6322,pitch_jitter,Track00003,54,mel_mel
features/Track00003_S00_p54_clean.pt,features/Track00003_S02_p54_tempo33.pt,1,1,1,0,1,1,0.6902,tempo,Track00003,54,mel_mel
features/Track00003_S00_p54_clean.pt,features/Track00003_S02_p54_timing34.pt,1,1,1,1,0,1,0.6902,timing,Track00003,54,mel_mel
features/Track00003_S00_p54_clean.pt,features/Track00003_S02_p54_jitter35.pt,1,1,1,1,1,0,0.6902,jitter,Track00003,54,mel_mel
features/Track00003_S00_p54_clean.pt,features/Track00003_S08_p54_clean.pt,1,1,1,1,1,1,0.7276,positive,Track00003,54,mel_mel
features/Track00003_S00_p54_aug36.pt,features/Track00003_S08_p54_aug36.pt,1,1,1,1,1,1,0.8064,augmented,Track00003,54,mel_mel
features/Track00003_S00_p54_clean.pt,features/Track00003_S08_p54_reg37.pt,1,1,1,1,1,1,0.7859,register_var,Track00003,54,mel_mel
features/Track00003_S00_p54_clean.pt,features/Track00003_S08_p54_reg38.pt,1,1,1,1,1,1,0.6688,register_var,Track00003,54,mel_mel
features/Track00003_S00_p54_clean.pt,features/Track00003_S08_p54_key39.pt,0,1,1,1,1,1,0.6988,key,Track00003,54,mel_mel
features/Track00003_S08_p54_clean.pt,features/Track00003_p54_vertical40.pt,1,0,1,1,1,1,0.5938,vertical,Track00003,54,mel_mel
features/Track00003_S00_p54_clean.pt,features/Track00003_S08_p54_pitch_jitter41.pt,1,1,0,1,1,1,0.751,pitch_jitter,Track00003,54,mel_mel
features/Track00003_S00_p54_clean.pt,features/Track00003_S08_p54_tempo42.pt,1,1,1,0,1,1,0.7276,tempo,Track00003,54,mel_mel
features/Track00003_S00_p54_clean.pt,features/Track00003_S08_p54_timing43.pt,1,1,1,1,0,1,0.7276,timing,Track00003,54,mel_mel
features/Track00003_S00_p54_clean.pt,features/Track00003_S08_p54_jitter44.pt,1,1,1,1,1,0,0.7276,jitter,Track00003,54,mel_mel
features/Track00003_S00_p54_clean.pt,features/Track00003_S03_p54_clean.pt,1,1,1,1,1,1,0.7494,positive,Track00003,54,mel_mel
features/Track00003_S00_p54_aug45.pt,features/Track00003_S03_p54_aug45.pt,1,1,1,1,1,1,0.81,augmented,Track00003,54,mel_mel
features/Track00003_S00_p54_clean.pt,features/Track00003_S03_p54_reg46.pt,1,1,1,1,1,1,0.7791,register_var,Track00003,54,mel_mel
features/Track00003_S00_p54_clean.pt,features/Track00003_S03_p54_reg47.pt,1,1,1,1,1,1,0.6916,register_var,Track00003,54,mel_mel
features/Track00003_S00_p54_clean.pt,features/Track00003_S03_p54_key48.pt,0,1,1,1,1,1,0.7195,key,Track00003,54,mel_mel
features/Track00003_S03_p54_clean.pt,features/Track00003_p54_vertical49.pt,1,0,1,1,1,1,0.6311,vertical,Track00003,54,mel_mel
features/Track00003_S00_p54_clean.pt,features/Track00003_S03_p54_pitch_jitter50.pt,1,1,0,1,1,1,0.7441,pitch_jitter,Track00003,54,mel_mel
features/Track00003_S00_p54_clean.pt,features/Track00003_S03_p54_tempo51.pt,1,1,1,0,1,1,0.7494,tempo,Track00003,54,mel_mel
features/Track00003_S00_p54_clean.pt,features/Track00003_S03_p54_timing52.pt,1,1,1,1,0,1,0.7494,timing,Track00003,54,mel_mel
features/Track00003_S00_p54_clean.pt,features/Track00003_S03_p54_jitter53.pt,1,1,1,1,1,0,0.7494,jitter,Track00003,54,mel_mel
features/Track00003_S03_p54_clean.pt,features/Track00003_S08_p54_clean.pt,1,1,1,1,1,1,0.9979,positive,Track00003,54,mel_mel
features/Track00003_S03_p54_aug54.pt,features/Track00003_S08_p54_aug54.pt,1,1,1,1,1,1,0.9978,augmented,Track00003,54,mel_mel
features/Track00003_S03_p54_clean.pt,features/Track00003_S08_p54_reg55.pt,1,1,1,1,1,1,0.6711,register_var,Track00003,54,mel_mel
features/Track00003_S03_p54_clean.pt,features/Track00003_S08_p54_reg56.pt,1,1,1,1,1,1,0.525,register_var,Track00003,54,mel_mel
features/Track00003_S03_p54_clean.pt,features/Track00003_S08_p54_key57.pt,0,1,1,1,1,1,0.9753,key,Track00003,54,mel_mel
features/Track00003_S03_p54_clean.pt,features/Track00003_p54_vertical58.pt,1,0,1,1,1,1,0.738,vertical,Track00003,54,mel_mel
features/Track00003_S03_p54_clean.pt,features/Track00003_S08_p54_pitch_jitter59.pt,1,1,0,1,1,1,0.9691,pitch_jitter,Track00003,54,mel_mel
features/Track00003_S03_p54_clean.pt,features/Track00003_S08_p54_tempo60.pt,1,1,1,0,1,1,0.9979,tempo,Track00003,54,mel_mel
features/Track00003_S03_p54_clean.pt,features/Track00003_S08_p54_timing61.pt,1,1,1,1,0,1,0.9979,timing,Track00003,54,mel_mel
features/Track00003_S03_p54_clean.pt,features/Track00003_S08_p54_jitter62.pt,1,1,1,1,1,0,0.9979,jitter,Track00003,54,mel_mel
features/Track00007_S02_p20_clean.pt,features/Track00007_S05_p20_clean.pt,1,1,1,1,1,1,0.1299,positive,Track00007,20,bass_main
features/Track00007_S02_p20_aug0.pt,features/Track00007_S05_p20_aug0.pt,1,1,1,1,1,1,0.1483,augmented,Track00007,20,bass_main
features/Track00007_S02_p20_clean.pt,features/Track00007_S05_p20_reg1.pt,1,1,1,1,1,1,0.4403,register_var,Track00007,20,bass_main
features/Track00007_S02_p20_clean.pt,features/Track00007_S05_p20_reg2.pt,1,1,1,1,1,1,0.0,register_var,Track00007,20,bass_main
features/Track00007_S02_p20_clean.pt,features/Track00007_S05_p20_key3.pt,0,1,1,1,1,1,0.1578,key,Track00007,20,bass_main
features/Track00007_S02_p20_clean.pt,features/Track00007_p20_vertical4.pt,1,0,1,1,1,1,0.1434,vertical,Track00007,20,bass_main
features/Track00007_S02_p20_clean.pt,features/Track00007_S05_p20_pitch_jitter5.pt,1,1,0,1,1,1,0.1333,pitch_jitter,Track00007,20,bass_main
features/Track00007_S02_p20_clean.pt,features/Track00007_S05_p20_tempo6.pt,1,1,1,0,1,1,0.1299,tempo,Track00007,20,bass_main
features/Track00007_S02_p20_clean.pt,features/Track00007_S05_p20_timing7.pt,1,1,1,1,0,1,0.1299,timing,Track00007,20,bass_main
features/Track00007_S02_p20_clean.pt,features/Track00007_S05_p20_jitter8.pt,1,1,1,1,1,0,0.1299,jitter,Track00007,20,bass_main
features/Track00007_S01_p20_clean.pt,features/Track00007_S05_p20_clean.pt,1,1,1,1,1,1,0.2487,positive,Track00007,20,mel_mel
features/Track00007_S01_p20_aug9.pt,features/Track00007_S05_p20_aug9.pt,1,1,1,1,1,1,0.1895,augmented,Track00007,20,mel_mel
features/Track00007_S01_p20_clean.pt,features/Track00007_S05_p20_reg10.pt,1,1,1,1,1,1,0.4731,register_var,Track00007,20,mel_mel
features/Track00007_S01_p20_clean.pt,features/Track00007_S05_p20_reg11.pt,1,1,1,1,1,1,0.0286,register_var,Track00007,20,mel_mel
features/Track00007_S01_p20_clean.pt,features/Track00007_S05_p20_key12.pt,0,1,1,1,1,1,0.2275,key,Track00007,20,mel_mel
features/Track00007_S01_p20_clean.pt,features/Track00007_p20_vertical13.pt,1,0,1,1,1,1,0.1742,vertical,Track00007,20,mel_mel
features/Track00007_S01_p20_clean.pt,features/Track00007_S05_p20_pitch_jitter14.pt,1,1,0,1,1,1,0.1953,pitch_jitter,Track00007,20,mel_mel
features/Track00007_S01_p20_clean.pt,features/Track00007_S05_p20_tempo15.pt,1,1,1,0,1,1,0.2487,tempo,Track00007,20,mel_mel
features/Track00007_S01_p20_clean.pt,features/Track00007_S05_p20_timing16.pt,1,1,1,1,0,1,0.2487,timing,Track00007,20,mel_mel
features/Track00007_S01_p20_clean.pt,features/Track00007_S05_p20_jitter17.pt,1,1,1,1,1,0,0.2487,jitter,Track00007,20,mel_mel
features/Track00007_S02_p42_clean.pt,features/Track00007_S05_p42_clean.pt,1,1,1,1,1,1,0.1299,positive,Track00007,42,bass_main
features/Track00007_S02_p42_aug18.pt,features/Track00007_S05_p42_aug18.pt,1,1,1,1,1,1,0.1483,augmented,Track00007,42,bass_main
features/Track00007_S02_p42_clean.pt,features/Track00007_S05_p42_reg19.pt,1,1,1,1,1,1,0.4403,register_var,Track00007,42,bass_main
features/Track00007_S02_p42_clean.pt,features/Track00007_S05_p42_reg20.pt,1,1,1,1,1,1,0.0,register_var,Track00007,42,bass_main
features/Track00007_S02_p42_clean.pt,features/Track00007_S05_p42_key21.pt,0,1,1,1,1,1,0.0835,key,Track00007,42,bass_main
features/Track00007_S02_p42_clean.pt,features/Track00007_p42_vertical22.pt,1,0,1,1,1,1,0.1434,vertical,Track00007,42,bass_main
features/Track00007_S02_p42_clean.pt,features/Track00007_S05_p42_pitch_jitter23.pt,1,1,0,1,1,1,0.1038,pitch_jitter,Track00007,42,bass_main
features/Track00007_S02_p42_clean.pt,features/Track00007_S05_p42_tempo24.pt,1,1,1,0,1,1,0.1299,tempo,Track00007,42,bass_main
features/Track00007_S02_p42_clean.pt,features/Track00007_S05_p42_timing25.pt,1,1,1,1,0,1,0.1299,timing,Track00007,42,bass_main
features/Track00007_S02_p42_clean.pt,features/Track00007_S05_p42_jitter26.pt,1,1,1,1,1,0,0.1299,jitter,Track00007,42,bass_main
features/Track00007_S01_p42_clean.pt,features/Track00007_S05_p42_clean.pt,1,1,1,1,1,1,0.2487,positive,Track00007,42,mel_mel
features/Track00007_S01_p42_aug27.pt,features/Track00007_S05_p42_aug27.pt,1,1,1,1,1,1,0.1909,augmented,Track00007,42,mel_mel
features/Track00007_S01_p42_clean.pt,features/Track00007_S05_p42_reg28.pt,1,1,1,1,1,1,0.4731,register_var,Track00007,42,mel_mel
features/Track00007_S01_p42_clean.pt,features/Track00007_S05_p42_reg29.pt,1,1,1,1,1,1,0.0286,register_var,Track00007,42,mel_mel
features/Track00007_S01_p42_clean.pt,features/Track00007_S05_p42_key30.pt,0,1,1,1,1,1,0.1711,key,Track00007,42,mel_mel
features/Track00007_S01_p42_clean.pt,features/Track00007_p42_vertical31.pt,1,0,1,1,1,1,0.1742,vertical,Track00007,42,mel_mel
features/Track00007_S01_p42_clean.pt,features/Track00007_S05_p42_pitch_jitter32.pt,1,1,0,1,1,1,0.2198,pitch_jitter,Track00007,42,mel_mel
features/Track00007_S01_p42_clean.pt,features/Track00007_S05_p42_tempo33.pt,1,1,1,0,1,1,0.2487,tempo,Track00007,42,mel_mel
features/Track00007_S01_p42_clean.pt,features/Track00007_S05_p42_timing34.pt,1,1,1,1,0,1,0.2487,timing,Track00007,42,mel_mel
features/Track00007_S01_p42_clean.pt,features/Track00007_S05_p42_jitter35.pt,1,1,1,1,1,0,0.2487,jitter,Track00007,42,mel_mel
features/Track00001_S03_p18_clean.pt,features/Track00001_S09_p18_clean.pt,1,1,1,1,1,1,0.2429,positive,Track00001,18,bass_main
features/Track00001_S03_p18_aug0.pt,features/Track00001_S09_p18_aug0.pt,1,1,1,1,1,1,0.2972,augmented,Track00001,18,bass_main
features/Track00001_S03_p18_clean.pt,features/Track00001_S09_p18_reg1.pt,1,1,1,1,1,1,0.3895,register_var,Track00001,18,bass_main
features/Track00001_S03_p18_clean.pt,features/Track00001_S09_p18_reg2.pt,1,1,1,1,1,1,0.0,register_var,Track00001,18,bass_main
features/Track00001_S03_p18_clean.pt,features/Track00001_S09_p18_key3.pt,0,1,1,1,1,1,0.244,key,Track00001,18,bass_main
features/Track00001_S03_p18_clean.pt,features/Track00001_p18_vertical4.pt,1,0,1,1,1,1,0.2155,vertical,Track00001,18,bass_main
features/Track00001_S03_p18_clean.pt,features/Track00001_S09_p18_pitch_jitter5.pt,1,1,0,1,1,1,0.2466,pitch_jitter,Track00001,18,bass_main
features/Track00001_S03_p18_clean.pt,features/Track00001_S09_p18_tempo6.pt,1,1,1,0,1,1,0.2429,tempo,Track00001,18,bass_main
features/Track00001_S03_p18_clean.pt,features/Track00001_S09_p18_timing7.pt,1,1,1,1,0,1,0.2429,timing,Track00001,18,bass_main
features/Track00001_S03_p18_clean.pt,features/Track00001_S09_p18_jitter8.pt,1,1,1,1,1,0,0.2429,jitter,Track00001,18,bass_main
features/Track00001_S02_p18_clean.pt,features/Track00001_S09_p18_clean.pt,1,1,1,1,1,1,0.4974,positive,Track00001,18,mel_mel
features/Track00001_S02_p18_aug9.pt,features/Track00001_S09_p18_aug9.pt,1,1,1,1,1,1,0.5134,augmented,Track00001,18,mel_mel
features/Track00001_S02_p18_clean.pt,features/Track00001_S09_p18_reg10.pt,1,1,1,1,1,1,0.9785,register_var,Track00001,18,mel_mel
features/Track00001_S02_p18_clean.pt,features/Track00001_S09_p18_reg11.pt,1,1,1,1,1,1,0.2035,register_var,Track00001,18,mel_mel
features/Track00001_S02_p18_clean.pt,features/Track00001_S09_p18_key12.pt,0,1,1,1,1,1,0.3872,key,Track00001,18,mel_mel
features/Track00001_S02_p18_clean.pt,features/Track00001_p18_vertical13.pt,1,0,1,1,1,1,0.4622,vertical,Track00001,18,mel_mel
features/Track00001_S02_p18_clean.pt,features/Track00001_S09_p18_pitch_jitter14.pt,1,1,0,1,1,1,0.4754,pitch_jitter,Track00001,18,mel_mel
features/Track00001_S02_p18_clean.pt,features/Track00001_S09_p18_tempo15.pt,1,1,1,0,1,1,0.4974,tempo,Track00001,18,mel_mel
features/Track00001_S02_p18_clean.pt,features/Track00001_S09_p18_timing16.pt,1,1,1,1,0,1,0.4974,timing,Track00001,18,mel_mel
features/Track00001_S02_p18_clean.pt,features/Track00001_S09_p18_jitter17.pt,1,1,1,1,1,0,0.4974,jitter,Track00001,18,mel_mel
features/Track00001_S09_p18_clean.pt,features/Track00001_S10_p18_clean.pt,1,1,1,1,1,1,0.8047,positive,Track00001,18,mel_mel
features/Track00001_S09_p18_aug18.pt,features/Track00001_S10_p18_aug18.pt,1,1,1,1,1,1,0.6112,augmented,Track00001,18,mel_mel
features/Track00001_S09_p18_clean.pt,features/Track00001_S10_p18_reg19.pt,1,1,1,1,1,1,0.4268,register_var,Track00001,18,mel_mel
features/Track00001_S09_p18_clean.pt,features/Track00001_S10_p18_reg20.pt,1,1,1,1,1,1,0.4223,register_var,Track00001,18,mel_mel
features/Track00001_S09_p18_clean.pt,features/Track00001_S10_p18_key21.pt,0,1,1,1,1,1,0.6196,key,Track00001,18,mel_mel
features/Track00001_S10_p18_clean.pt,features/Track00001_p18_vertical22.pt,1,0,1,1,1,1,0.3311,vertical,Track00001,18,mel_mel
features/Track00001_S09_p18_clean.pt,features/Track00001_S10_p18_pitch_jitter23.pt,1,1,0,1,1,1,0.7065,pitch_jitter,Track00001,18,mel_mel
features/Track00001_S09_p18_clean.pt,features/Track00001_S10_p18_tempo24.pt,1,1,1,0,1,1,0.8047,tempo,Track00001,18,mel_mel
features/Track00001_S09_p18_clean.pt,features/Track00001_S10_p18_timing25.pt,1,1,1,1,0,1,0.8047,timing,Track00001,18,mel_mel
features/Track00001_S09_p18_clean.pt,features/Track00001_S10_p18_jitter26.pt,1,1,1,1,1,0,0.8047,jitter,Track00001,18,mel_mel
features/Track00001_S05_p18_clean.pt,features/Track00001_S09_p18_clean.pt,1,1,1,1,1,1,0.7686,positive,Track00001,18,mel_mel
features/Track00001_S05_p18_aug27.pt,features/Track00001_S09_p18_aug27.pt,1,1,1,1,1,1,0.77,augmented,Track00001,18,mel_mel
features/Track00001_S05_p18_clean.pt,features/Track00001_S09_p18_reg28.pt,1,1,1,1,1,1,0.4541,register_var,Track00001,18,mel_mel
features/Track00001_S05_p18_clean.pt,features/Track00001_S09_p18_reg29.pt,1,1,1,1,1,1,0.5297,register_var,Track00001,18,mel_mel
features/Track00001_S05_p18_clean.pt,features/Track00001_S09_p18_key30.pt,0,1,1,1,1,1,0.6559,key,Track00001,18,mel_mel
features/Track00001_S09_p18_clean.pt,features/Track00001_p18_vertical31.pt,1,0,1,1,1,1,0.4863,vertical,Track00001,18,mel_mel
features/Track00001_S05_p18_clean.pt,features/Track00001_S09_p18_pitch_jitter32.pt,1,1,0,1,1,1,0.8423,pitch_jitter,Track00001,18,mel_mel
features/Track00001_S05_p18_clean.pt,features/Track00001_S09_p18_tempo33.pt,1,1,1,0,1,1,0.7686,tempo,Track00001,18,mel_mel
features/Track00001_S05_p18_clean.pt,features/Track00001_S09_p18_timing34.pt,1,1,1,1,0,1,0.7686,timing,Track00001,18,mel_mel
features/Track00001_S05_p18_clean.pt,features/Track00001_S09_p18_jitter35.pt,1,1,1,1,1,0,0.7686,jitter,Track00001,18,mel_mel
features/Track00001_S02_p18_clean.pt,features/Track00001_S10_p18_clean.pt,1,1,1,1,1,1,0.6018,positive,Track00001,18,mel_mel
features/Track00001_S02_p18_aug36.pt,features/Track00001_S10_p18_aug36.pt,1,1,1,1,1,1,0.7191,augmented,Track00001,18,mel_mel
features/Track00001_S02_p18_clean.pt,features/Track00001_S10_p18_reg37.pt,1,1,1,1,1,1,0.7237,register_var,Track00001,18,mel_mel
features/Track00001_S02_p18_clean.pt,features/Track00001_S10_p18_reg38.pt,1,1,1,1,1,1,0.3285,register_var,Track00001,18,mel_mel
features/Track00001_S02_p18_clean.pt,features/Track00001_S10_p18_key39.pt,0,1,1,1,1,1,0.6139,key,Track00001,18,mel_mel
features/Track00001_S02_p18_clean.pt,features/Track00001_p18_vertical40.pt,1,0,1,1,1,1,0.6622,vertical,Track00001,18,mel_mel
features/Track00001_S02_p18_clean.pt,features/Track00001_S10_p18_pitch_jitter41.pt,1,1,0,1,1,1,0.577,pitch_jitter,Track00001,18,mel_mel
features/Track00001_S02_p18_clean.pt,features/Track00001_S10_p18_tempo42.pt,1,1,1,0,1,1,0.6018,tempo,Track00001,18,mel_mel
features/Track00001_S02_p18_clean.pt,features/Track00001_S10_p18_timing43.pt,1,1,1,1,0,1,0.6018,timing,Track00001,18,mel_mel
features/Track00001_S02_p18_clean.pt,features/Track00001_S10_p18_jitter44.pt,1,1,1,1,1,0,0.6018,jitter,Track00001,18,mel_mel
features/Track00001_S03_p29_clean.pt,features/Track00001_S09_p29_clean.pt,1,1,1,1,1,1,0.2735,positive,Track00001,29,bass_main
features/Track00001_S03_p29_aug45.pt,features/Track00001_S09_p29_aug45.pt,1,1,1,1,1,1,0.248,augmented,Track00001,29,bass_main
features/Track00001_S03_p29_clean.pt,features/Track00001_S09_p29_reg46.pt,1,1,1,1,1,1,0.4574,register_var,Track00001,29,bass_main
features/Track00001_S03_p29_clean.pt,features/Track00001_S09_p29_reg47.pt,1,1,1,1,1,1,0.0,register_var,Track00001,29,bass_main
features/Track00001_S03_p29_clean.pt,features/Track00001_S09_p29_key48.pt,0,1,1,1,1,1,0.2458,key,Track00001,29,bass_main
features/Track00001_S03_p29_clean.pt,features/Track00001_p29_vertical49.pt,1,0,1,1,1,1,0.2242,vertical,Track00001,29,bass_main
features/Track00001_S03_p29_clean.pt,features/Track00001_S09_p29_pitch_jitter50.pt,1,1,0,1,1,1,0.2729,pitch_jitter,Track00001,29,bass_main
features/Track00001_S03_p29_clean.pt,features/Track00001_S09_p29_tempo51.pt,1,1,1,0,1,1,0.2735,tempo,Track00001,29,bass_main
features/Track00001_S03_p29_clean.pt,features/Track00001_S09_p29_timing52.pt,1,1,1,1,0,1,0.2735,timing,Track00001,29,bass_main
features/Track00001_S03_p29_clean.pt,features/Track00001_S09_p29_jitter53.pt,1,1,1,1,1,0,0.2735,jitter,Track00001,29,bass_main
features/Track00001_S05_p29_clean.pt,features/Track00001_S09_p29_clean.pt,1,1,1,1,1,1,0.3974,positive,Track00001,29,mel_mel
features/Track00001_S05_p29_aug54.pt,features/Track00001_S09_p29_aug54.pt,1,1,1,1,1,1,0.5966,augmented,Track00001,29,mel_mel
features/Track00001_S05_p29_clean.pt,features/Track00001_S09_p29_reg55.pt,1,1,1,1,1,1,0.2033,register_var,Track00001,29,mel_mel
features/Track00001_S05_p29_clean.pt,features/Track00001_S09_p29_reg56.pt,1,1,1,1,1,1,0.5403,register_var,Track00001,29,mel_mel
features/Track00001_S05_p29_clean.pt,features/Track00001_S09_p29_key57.pt,0,1,1,1,1,1,0.4539,key,Track00001,29,mel_mel
features/Track00001_S09_p29_clean.pt,features/Track00001_p29_vertical58.pt,1,0,1,1,1,1,0.069,vertical,Track00001,29,mel_mel
features/Track00001_S05_p29_clean.pt,features/Track00001_S09_p29_pitch_jitter59.pt,1,1,0,1,1,1,0.7739,pitch_jitter,Track00001,29,mel_mel
features/Track00001_S05_p29_clean.pt,features/Track00001_S09_p29_tempo60.pt,1,1,1,0,1,1,0.3974,tempo,Track00001,29,mel_mel
features/Track00001_S05_p29_clean.pt,features/Track00001_S09_p29_timing61.pt,1,1,1,1,0,1,0.3974,timing,Track00001,29,mel_mel
features/Track00001_S05_p29_clean.pt,features/Track00001_S09_p29_jitter62.pt,1,1,1,1,1,0,0.3974,jitter,Track00001,29,mel_mel
features/Track00001_S09_p29_clean.pt,features/Track00001_S10_p29_clean.pt,1,1,1,1,1,1,0.3794,positive,Track00001,29,mel_mel
features/Track00001_S09_p29_aug63.pt,features/Track00001_S10_p29_aug63.pt,1,1,1,1,1,1,0.7285,augmented,Track00001,29,mel_mel
features/Track00001_S09_p29_clean.pt,features/Track00001_S10_p29_reg64.pt,1,1,1,1,1,1,0.1524,register_var,Track00001,29,mel_mel
features/Track00001_S09_p29_clean.pt,features/Track00001_S10_p29_reg65.pt,1,1,1,1,1,1,0.1432,register_var,Track00001,29,mel_mel
features/Track00001_S09_p29_clean.pt,features/Track00001_S10_p29_key66.pt,0,1,1,1,1,1,0.4173,key,Track00001,29,mel_mel
features/Track00001_S10_p29_clean.pt,features/Track00001_p29_vertical67.pt,1,0,1,1,1,1,0.844,vertical,Track00001,29,mel_mel
features/Track00001_S09_p29_clean.pt,features/Track00001_S10_p29_pitch_jitter68.pt,1,1,0,1,1,1,0.342,pitch_jitter,Track00001,29,mel_mel
features/Track00001_S09_p29_clean.pt,features/Track00001_S10_p29_tempo69.pt,1,1,1,0,1,1,0.3794,tempo,Track00001,29,mel_mel
features/Track00001_S09_p29_clean.pt,features/Track00001_S10_p29_timing70.pt,1,1,1,1,0,1,0.3794,timing,Track00001,29,mel_mel
features/Track00001_S09_p29_clean.pt,features/Track00001_S10_p29_jitter71.pt,1,1,1,1,1,0,0.3794,jitter,Track00001,29,mel_mel
features/Track00001_S05_p29_clean.pt,features/Track00001_S10_p29_clean.pt,1,1,1,1,1,1,0.845,positive,Track00001,29,mel_mel
features/Track00001_S05_p29_aug72.pt,features/Track00001_S10_p29_aug72.pt,1,1,1,1,1,1,0.7793,augmented,Track00001,29,mel_mel
features/Track00001_S05_p29_clean.pt,features/Track00001_S10_p29_reg73.pt,1,1,1,1,1,1,0.4235,register_var,Track00001,29,mel_mel
features/Track00001_S05_p29_clean.pt,features/Track00001_S10_p29_reg74.pt,1,1,1,1,1,1,0.6199,register_var,Track00001,29,mel_mel
features/Track00001_S05_p29_clean.pt,features/Track00001_S10_p29_key75.pt,0,1,1,1,1,1,0.6915,key,Track00001,29,mel_mel
features/Track00001_S10_p29_clean.pt,features/Track00001_p29_vertical76.pt,1,0,1,1,1,1,0.7061,vertical,Track00001,29,mel_mel
features/Track00001_S05_p29_clean.pt,features/Track00001_S10_p29_pitch_jitter77.pt,1,1,0,1,1,1,0.8399,pitch_jitter,Track00001,29,mel_mel
features/Track00001_S05_p29_clean.pt,features/Track00001_S10_p29_tempo78.pt,1,1,1,0,1,1,0.845,tempo,Track00001,29,mel_mel
features/Track00001_S05_p29_clean.pt,features/Track00001_S10_p29_timing79.pt,1,1,1,1,0,1,0.845,timing,Track00001,29,mel_mel
features/Track00001_S05_p29_clean.pt,features/Track00001_S10_p29_jitter80.pt,1,1,1,1,1,0,0.845,jitter,Track00001,29,mel_mel
features/Track00002_S01_p14_clean.pt,features/Track00002_S04_p14_clean.pt,1,1,1,1,1,1,0.116,positive,Track00002,14,bass_main
features/Track00002_S01_p14_aug0.pt,features/Track00002_S04_p14_aug0.pt,1,1,1,1,1,1,0.273,augmented,Track00002,14,bass_main
features/Track00002_S01_p14_clean.pt,features/Track00002_S04_p14_reg1.pt,1,1,1,1,1,1,0.1598,register_var,Track00002,14,bass_main
features/Track00002_S01_p14_clean.pt,features/Track00002_S04_p14_reg2.pt,1,1,1,1,1,1,0.0,register_var,Track00002,14,bass_main
features/Track00002_S01_p14_clean.pt,features/Track00002_S04_p14_key3.pt,0,1,1,1,1,1,0.1729,key,Track00002,14,bass_main
features/Track00002_S01_p14_clean.pt,features/Track00002_p14_vertical4.pt,1,0,1,1,1,1,0.1516,vertical,Track00002,14,bass_main
features/Track00002_S01_p14_clean.pt,features/Track00002_S04_p14_pitch_jitter5.pt,1,1,0,1,1,1,0.116,pitch_jitter,Track00002,14,bass_main
features/Track00002_S01_p14_clean.pt,features/Track00002_S04_p14_tempo6.pt,1,1,1,0,1,1,0.116,tempo,Track00002,14,bass_main
features/Track00002_S01_p14_clean.pt,features/Track00002_S04_p14_timing7.pt,1,1,1,1,0,1,0.116,timing,Track00002,14,bass_main
features/Track00002_S01_p14_clean.pt,features/Track00002_S04_p14_jitter8.pt,1,1,1,1,1,0,0.116,jitter,Track00002,14,bass_main
features/Track00002_S02_p14_clean.pt,features/Track00002_S03_p14_clean.pt,1,1,1,1,1,1,0.4148,positive,Track00002,14,mel_mel
features/Track00002_S02_p14_aug9.pt,features/Track00002_S03_p14_aug9.pt,1,1,1,1,1,1,0.6382,augmented,Track00002,14,mel_mel
features/Track00002_S02_p14_clean.pt,features/Track00002_S03_p14_reg10.pt,1,1,1,1,1,1,0.7679,register_var,Track00002,14,mel_mel
features/Track00002_S02_p14_clean.pt,features/Track00002_S03_p14_reg11.pt,1,1,1,1,1,1,0.2158,register_var,Track00002,14,mel_mel
features/Track00002_S02_p14_clean.pt,features/Track00002_S03_p14_key12.pt,0,1,1,1,1,1,0.4106,key,Track00002,14,mel_mel
features/Track00002_S02_p14_clean.pt,features/Track00002_p14_vertical13.pt,1,0,1,1,1,1,0.3836,vertical,Track00002,14,mel_mel
features/Track00002_S02_p14_clean.pt,features/Track00002_S03_p14_pitch_jitter14.pt,1,1,0,1,1,1,0.6377,pitch_jitter,Track00002,14,mel_mel
features/Track00002_S02_p14_clean.pt,features/Track00002_S03_p14_tempo15.pt,1,1,1,0,1,1,0.4148,tempo,Track00002,14,mel_mel
features/Track00002_S02_p14_clean.pt,features/Track00002_S03_p14_timing16.pt,1,1,1,1,0,1,0.4148,timing,Track00002,14,mel_mel
features/Track00002_S02_p14_clean.pt,features/Track00002_S03_p14_jitter17.pt,1,1,1,1,1,0,0.4148,jitter,Track00002,14,mel_mel
features/Track00002_S04_p14_clean.pt,features/Track00002_S06_p14_clean.pt,1,1,1,1,1,1,0.1941,positive,Track00002,14,mel_mel
features/Track00002_S04_p14_aug18.pt,features/Track00002_S06_p14_aug18.pt,1,1,1,1,1,1,0.2336,augmented,Track00002,14,mel_mel
features/Track00002_S04_p14_clean.pt,features/Track00002_S06_p14_reg19.pt,1,1,1,1,1,1,0.1489,register_var,Track00002,14,mel_mel
features/Track00002_S04_p14_clean.pt,features/Track00002_S06_p14_reg20.pt,1,1,1,1,1,1,0.4755,register_var,Track00002,14,mel_mel
features/Track00002_S04_p14_clean.pt,features/Track00002_S06_p14_key21.pt,0,1,1,1,1,1,0.2162,key,Track00002,14,mel_mel
features/Track00002_S06_p14_clean.pt,features/Track00002_p14_vertical22.pt,1,0,1,1,1,1,0.2715,vertical,Track00002,14,mel_mel
features/Track00002_S04_p14_clean.pt,features/Track00002_S06_p14_pitch_jitter23.pt,1,1,0,1,1,1,0.4576,pitch_jitter,Track00002,14,mel_mel
features/Track00002_S04_p14_clean.pt,features/Track00002_S06_p14_tempo24.pt,1,1,1,0,1,1,0.1941,tempo,Track00002,14,mel_mel
features/Track00002_S04_p14_clean.pt,features/Track00002_S06_p14_timing25.pt,1,1,1,1,0,1,0.1941,timing,Track00002,14,mel_mel
features/Track00002_S04_p14_clean.pt,features/Track00002_S06_p14_jitter26.pt,1,1,1,1,1,0,0.1941,jitter,Track00002,14,mel_mel
features/Track00002_S03_p14_clean.pt,features/Track00002_S04_p14_clean.pt,1,1,1,1,1,1,0.0612,positive,Track00002,14,mel_mel
features/Track00002_S03_p14_aug27.pt,features/Track00002_S04_p14_aug27.pt,1,1,1,1,1,1,0.0511,augmented,Track00002,14,mel_mel
features/Track00002_S03_p14_clean.pt,features/Track00002_S04_p14_reg28.pt,1,1,1,1,1,1,0.118,register_var,Track00002,14,mel_mel
features/Track00002_S03_p14_clean.pt,features/Track00002_S04_p14_reg29.pt,1,1,1,1,1,1,0.0,register_var,Track00002,14,mel_mel
features/Track00002_S03_p14_clean.pt,features/Track00002_S04_p14_key30.pt,0,1,1,1,1,1,0.1661,key,Track00002,14,mel_mel
features/Track00002_S03_p14_clean.pt,features/Track00002_p14_vertical31.pt,1,0,1,1,1,1,0.1289,vertical,Track00002,14,mel_mel
features/Track00002_S03_p14_clean.pt,features/Track00002_S04_p14_pitch_jitter32.pt,1,1,0,1,1,1,0.874,pitch_jitter,Track00002,14,mel_mel
features/Track00002_S03_p14_clean.pt,features/Track00002_S04_p14_tempo33.pt,1,1,1,0,1,1,0.0612,tempo,Track00002,14,mel_mel
features/Track00002_S03_p14_clean.pt,features/Track00002_S04_p14_timing34.pt,1,1,1,1,0,1,0.0612,timing,Track00002,14,mel_mel
features/Track00002_S03_p14_clean.pt,features/Track00002_S04_p14_jitter35.pt,1,1,1,1,1,0,0.0612,jitter,Track00002,14,mel_mel
features/Track00002_S02_p14_clean.pt,features/Track00002_S04_p14_clean.pt,1,1,1,1,1,1,0.2503,positive,Track00002,14,mel_mel
features/Track00002_S02_p14_aug36.pt,features/Track00002_S04_p14_aug36.pt,1,1,1,1,1,1,0.1848,augmented,Track00002,14,mel_mel
features/Track00002_S02_p14_clean.pt,features/Track00002_S04_p14_reg37.pt,1,1,1,1,1,1,0.6395,register_var,Track00002,14,mel_mel
features/Track00002_S02_p14_clean.pt,features/Track00002_S04_p14_reg38.pt,1,1,1,1,1,1,0.0556,register_var,Track00002,14,mel_mel
features/Track00002_S02_p14_clean.pt,features/Track00002_S04_p14_key39.pt,0,1,1,1,1,1,0.2503,key,Track00002,14,mel_mel
features/Track00002_S02_p14_clean.pt,features/Track00002_p14_vertical40.pt,1,0,1,1,1,1,0.2364,vertical,Track00002,14,mel_mel
features/Track00002_S02_p14_clean.pt,features/Track00002_S04_p14_pitch_jitter41.pt,1,1,0,1,1,1,0.2503,pitch_jitter,Track00002,14,mel_mel
features/Track00002_S02_p14_clean.pt,features/Track00002_S04_p14_tempo42.pt,1,1,1,0,1,1,0.2503,tempo,Track00002,14,mel_mel
features/Track00002_S02_p14_clean.pt,features/Track00002_S04_p14_timing43.pt,1,1,1,1,0,1,0.2503,timing,Track00002,14,mel_mel
features/Track00002_S02_p14_clean.pt,features/Track00002_S04_p14_jitter44.pt,1,1,1,1,1,0,0.2503,jitter,Track00002,14,mel_mel
features/Track00002_S01_p30_clean.pt,features/Track00002_S04_p30_clean.pt,1,1,1,1,1,1,0.116,positive,Track00002,30,bass_main
features/Track00002_S01_p30_aug45.pt,features/Track00002_S04_p30_aug45.pt,1,1,1,1,1,1,0.2398,augmented,Track00002,30,bass_main
features/Track00002_S01_p30_clean.pt,features/Track00002_S04_p30_reg46.pt,1,1,1,1,1,1,0.1598,register_var,Track00002,30,bass_main
features/Track00002_S01_p30_clean.pt,features/Track00002_S04_p30_reg47.pt,1,1,1,1,1,1,0.0,register_var,Track00002,30,bass_main
features/Track00002_S01_p30_clean.pt,features/Track00002_S04_p30_key48.pt,0,1,1,1,1,1,0.1729,key,Track00002,30,bass_main
features/Track00002_S01_p30_clean.pt,features/Track00002_p30_vertical49.pt,1,0,1,1,1,1,0.1516,vertical,Track00002,30,bass_main
features/Track00002_S01_p30_clean.pt,features/Track00002_S04_p30_pitch_jitter50.pt,1,1,0,1,1,1,0.1729,pitch_jitter,Track00002,30,bass_main
features/Track00002_S01_p30_clean.pt,features/Track00002_S04_p30_tempo51.pt,1,1,1,0,1,1,0.116,tempo,Track00002,30,bass_main
features/Track00002_S01_p30_clean.pt,features/Track00002_S04_p30_timing52.pt,1,1,1,1,0,1,0.116,timing,Track00002,30,bass_main
features/Track00002_S01_p30_clean.pt,features/Track00002_S04_p30_jitter53.pt,1,1,1,1,1,0,0.116,jitter,Track00002,30,bass_main
features/Track00002_S02_p30_clean.pt,features/Track00002_S04_p30_clean.pt,1,1,1,1,1,1,0.2503,positive,Track00002,30,mel_mel
features/Track00002_S02_p30_aug54.pt,features/Track00002_S04_p30_aug54.pt,1,1,1,1,1,1,0.2702,augmented,Track00002,30,mel_mel
features/Track00002_S02_p30_clean.pt,features/Track00002_S04_p30_reg55.pt,1,1,1,1,1,1,0.6395,register_var,Track00002,30,mel_mel
features/Track00002_S02_p30_clean.pt,features/Track00002_S04_p30_reg56.pt,1,1,1,1,1,1,0.0556,register_var,Track00002,30,mel_mel
features/Track00002_S02_p30_clean.pt,features/Track00002_S04_p30_key57.pt,0,1,1,1,1,1,0.2503,key,Track00002,30,mel_mel
features/Track00002_S02_p30_clean.pt,features/Track00002_p30_vertical58.pt,1,0,1,1,1,1,0.2364,vertical,Track00002,30,mel_mel
features/Track00002_S02_p30_clean.pt,features/Track00002_S04_p30_pitch_jitter59.pt,1,1,0,1,1,1,0.3615,pitch_jitter,Track00002,30,mel_mel
features/Track00002_S02_p30_clean.pt,features/Track00002_S04_p30_tempo60.pt,1,1,1,0,1,1,0.2503,tempo,Track00002,30,mel_mel
features/Track00002_S02_p30_clean.pt,features/Track00002_S04_p30_timing61.pt,1,1,1,1,0,1,0.2503,timing,Track00002,30,mel_mel
features/Track00002_S02_p30_clean.pt,features/Track00002_S04_p30_jitter62.pt,1,1,1,1,1,0,0.2503,jitter,Track00002,30,mel_mel
features/Track00002_S04_p30_clean.pt,features/Track00002_S06_p30_clean.pt,1,1,1,1,1,1,0.1941,positive,Track00002,30,mel_mel
features/Track00002_S04_p30_aug63.pt,features/Track00002_S06_p30_aug63.pt,1,1,1,1,1,1,0.2336,augmented,Track00002,30,mel_mel
features/Track00002_S04_p30_clean.pt,features/Track00002_S06_p30_reg64.pt,1,1,1,1,1,1,0.1489,register_var,Track00002,30,mel_mel
features/Track00002_S04_p30_clean.pt,features/Track00002_S06_p30_reg65.pt,1,1,1,1,1,1,0.4755,register_var,Track00002,30,mel_mel
features/Track00002_S04_p30_clean.pt,features/Track00002_S06_p30_key66.pt,0,1,1,1,1,1,0.2162,key,Track00002,30,mel_mel
features/Track00002_S06_p30_clean.pt,features/Track00002_p30_vertical67.pt,1,0,1,1,1,1,0.2715,vertical,Track00002,30,mel_mel
features/Track00002_S04_p30_clean.pt,features/Track00002_S06_p30_pitch_jitter68.pt,1,1,0,1,1,1,0.2025,pitch_jitter,Track00002,30,mel_mel
features/Track00002_S04_p30_clean.pt,features/Track00002_S06_p30_tempo69.pt,1,1,1,0,1,1,0.1941,tempo,Track00002,30,mel_mel
features/Track00002_S04_p30_clean.pt,features/Track00002_S06_p30_timing70.pt,1,1,1,1,0,1,0.1941,timing,Track00002,30,mel_mel
features/Track00002_S04_p30_clean.pt,features/Track00002_S06_p30_jitter71.pt,1,1,1,1,1,0,0.1941,jitter,Track00002,30,mel_mel
features/Track00002_S02_p30_clean.pt,features/Track00002_S03_p30_clean.pt,1,1,1,1,1,1,0.4148,positive,Track00002,30,mel_mel
features/Track00002_S02_p30_aug72.pt,features/Track00002_S03_p30_aug72.pt,1,1,1,1,1,1,0.5193,augmented,Track00002,30,mel_mel
features/Track00002_S02_p30_clean.pt,features/Track00002_S03_p30_reg73.pt,1,1,1,1,1,1,0.7679,register_var,Track00002,30,mel_mel
features/Track00002_S02_p30_clean.pt,features/Track00002_S03_p30_reg74.pt,1,1,1,1,1,1,0.2158,register_var,Track00002,30,mel_mel
features/Track00002_S02_p30_clean.pt,features/Track00002_S03_p30_key75.pt,0,1,1,1,1,1,0.4106,key,Track00002,30,mel_mel
features/Track00002_S02_p30_clean.pt,features/Track00002_p30_vertical76.pt,1,0,1,1,1,1,0.3836,vertical,Track00002,30,mel_mel
features/Track00002_S02_p30_clean.pt,features/Track00002_S03_p30_pitch_jitter77.pt,1,1,0,1,1,1,0.6405,pitch_jitter,Track00002,30,mel_mel
features/Track00002_S02_p30_clean.pt,features/Track00002_S03_p30_tempo78.pt,1,1,1,0,1,1,0.4148,tempo,Track00002,30,mel_mel
features/Track00002_S02_p30_clean.pt,features/Track00002_S03_p30_timing79.pt,1,1,1,1,0,1,0.4148,timing,Track00002,30,mel_mel
features/Track00002_S02_p30_clean.pt,features/Track00002_S03_p30_jitter80.pt,1,1,1,1,1,0,0.4148,jitter,Track00002,30,mel_mel
features/Track00002_S03_p30_clean.pt,features/Track00002_S04_p30_clean.pt,1,1,1,1,1,1,0.0612,positive,Track00002,30,mel_mel
features/Track00002_S03_p30_aug81.pt,features/Track00002_S04_p30_aug81.pt,1,1,1,1,1,1,0.0269,augmented,Track00002,30,mel_mel
features/Track00002_S03_p30_clean.pt,features/Track00002_S04_p30_reg82.pt,1,1,1,1,1,1,0.118,register_var,Track00002,30,mel_mel
features/Track00002_S03_p30_clean.pt,features/Track00002_S04_p30_reg83.pt,1,1,1,1,1,1,0.0,register_var,Track00002,30,mel_mel
features/Track00002_S03_p30_clean.pt,features/Track00002_S04_p30_key84.pt,0,1,1,1,1,1,0.1661,key,Track00002,30,mel_mel
features/Track00002_S03_p30_clean.pt,features/Track00002_p30_vertical85.pt,1,0,1,1,1,1,0.1289,vertical,Track00002,30,mel_mel
features/Track00002_S03_p30_clean.pt,features/Track00002_S04_p30_pitch_jitter86.pt,1,1,0,1,1,1,0.874,pitch_jitter,Track00002,30,mel_mel
features/Track00002_S03_p30_clean.pt,features/Track00002_S04_p30_tempo87.pt,1,1,1,0,1,1,0.0612,tempo,Track00002,30,mel_mel
features/Track00002_S03_p30_clean.pt,features/Track00002_S04_p30_timing88.pt,1,1,1,1,0,1,0.0612,timing,Track00002,30,mel_mel
features/Track00002_S03_p30_clean.pt,features/Track00002_S04_p30_jitter89.pt,1,1,1,1,1,0,0.0612,jitter,Track00002,30,mel_mel
features/Track00005_S04_p20_clean.pt,features/Track00005_S11_p20_clean.pt,1,1,1,1,1,1,0.0177,positive,Track00005,20,bass_main
features/Track00005_S04_p20_aug0.pt,features/Track00005_S11_p20_aug0.pt,1,1,1,1,1,1,0.0119,augmented,Track00005,20,bass_main
features/Track00005_S04_p20_clean.pt,features/Track00005_S11_p20_reg1.pt,1,1,1,1,1,1,0.2035,register_var,Track00005,20,bass_main
features/Track00005_S04_p20_clean.pt,features/Track00005_S11_p20_reg2.pt,1,1,1,1,1,1,0.0,register_var,Track00005,20,bass_main
features/Track00005_S04_p20_clean.pt,features/Track00005_S11_p20_key3.pt,0,1,1,1,1,1,0.0077,key,Track00005,20,bass_main
features/Track00005_S04_p20_clean.pt,features/Track00005_p20_vertical4.pt,1,0,1,1,1,1,0.016,vertical,Track00005,20,bass_main
features/Track00005_S04_p20_clean.pt,features/Track00005_S11_p20_pitch_jitter5.pt,1,1,0,1,1,1,0.014,pitch_jitter,Track00005,20,bass_main
features/Track00005_S04_p20_clean.pt,features/Track00005_S11_p20_tempo6.pt,1,1,1,0,1,1,0.0177,tempo,Track00005,20,bass_main
features/Track00005_S04_p20_clean.pt,features/Track00005_S11_p20_timing7.pt,1,1,1,1,0,1,0.0177,timing,Track00005,20,bass_main
features/Track00005_S04_p20_clean.pt,features/Track00005_S11_p20_jitter8.pt,1,1,1,1,1,0,0.0177,jitter,Track00005,20,bass_main
features/Track00005_S01_p20_clean.pt,features/Track00005_S11_p20_clean.pt,1,1,1,1,1,1,0.0614,positive,Track00005,20,mel_mel
features/Track00005_S01_p20_aug9.pt,features/Track00005_S11_p20_aug9.pt,1,1,1,1,1,1,0.0594,augmented,Track00005,20,mel_mel
features/Track00005_S01_p20_clean.pt,features/Track00005_S11_p20_reg10.pt,1,1,1,1,1,1,0.3009,register_var,Track00005,20,mel_mel
features/Track00005_S01_p20_clean.pt,features/Track00005_S11_p20_reg11.pt,1,1,1,1,1,1,0.0,register_var,Track00005,20,mel_mel
features/Track00005_S01_p20_clean.pt,features/Track00005_S11_p20_key12.pt,0,1,1,1,1,1,0.0443,key,Track00005,20,mel_mel
features/Track00005_S01_p20_clean.pt,features/Track00005_p20_vertical13.pt,1,0,1,1,1,1,0.0371,vertical,Track00005,20,mel_mel
features/Track00005_S01_p20_clean.pt,features/Track00005_S11_p20_pitch_jitter14.pt,1,1,0,1,1,1,0.0604,pitch_jitter,Track00005,20,mel_mel
features/Track00005_S01_p20_clean.pt,features/Track00005_S11_p20_tempo15.pt,1,1,1,0,1,1,0.0614,tempo,Track00005,20,mel_mel
features/Track00005_S01_p20_clean.pt,features/Track00005_S11_p20_timing16.pt,1,1,1,1,0,1,0.0614,timing,Track00005,20,mel_mel
features/Track00005_S01_p20_clean.pt,features/Track00005_S11_p20_jitter17.pt,1,1,1,1,1,0,0.0614,jitter,Track00005,20,mel_mel
features/Track00005_S01_p20_clean.pt,features/Track00005_S08_p20_clean.pt,1,1,1,1,1,1,0.7236,positive,Track00005,20,mel_mel
features/Track00005_S01_p20_aug18.pt,features/Track00005_S08_p20_aug18.pt,1,1,1,1,1,1,0.6816,augmented,Track00005,20,mel_mel
features/Track00005_S01_p20_clean.pt,features/Track00005_S08_p20_reg19.pt,1,1,1,1,1,1,0.9173,register_var,Track00005,20,mel_mel
features/Track00005_S01_p20_clean.pt,features/Track00005_S08_p20_reg20.pt,1,1,1,1,1,1,0.328,register_var,Track00005,20,mel_mel
features/Track00005_S01_p20_clean.pt,features/Track00005_S08_p20_key21.pt,0,1,1,1,1,1,0.7085,key,Track00005,20,mel_mel
features/Track00005_S01_p20_clean.pt,features/Track00005_p20_vertical22.pt,1,0,1,1,1,1,0.746,vertical,Track00005,20,mel_mel
features/Track00005_S01_p20_clean.pt,features/Track00005_S08_p20_pitch_jitter23.pt,1,1,0,1,1,1,0.7052,pitch_jitter,Track00005,20,mel_mel
features/Track00005_S01_p20_clean.pt,features/Track00005_S08_p20_tempo24.pt,1,1,1,0,1,1,0.7236,tempo,Track00005,20,mel_mel
features/Track00005_S01_p20_clean.pt,features/Track00005_S08_p20_timing25.pt,1,1,1,1,0,1,0.7236,timing,Track00005,20,mel_mel
features/Track00005_S01_p20_clean.pt,features/Track00005_S08_p20_jitter26.pt,1,1,1,1,1,0,0.7236,jitter,Track00005,20,mel_mel
features/Track00005_S02_p20_clean.pt,features/Track00005_S13_p20_clean.pt,1,1,1,1,1,1,0.3124,positive,Track00005,20,mel_mel
features/Track00005_S02_p20_aug27.pt,features/Track00005_S13_p20_aug27.pt,1,1,1,1,1,1,0.6075,augmented,Track00005,20,mel_mel
features/Track00005_S02_p20_clean.pt,features/Track00005_S13_p20_reg28.pt,1,1,1,1,1,1,0.6967,register_var,Track00005,20,mel_mel
features/Track00005_S02_p20_clean.pt,features/Track00005_S13_p20_reg29.pt,1,1,1,1,1,1,0.125,register_var,Track00005,20,mel_mel
features/Track00005_S02_p20_clean.pt,features/Track00005_S13_p20_key30.pt,0,1,1,1,1,1,0.5852,key,Track00005,20,mel_mel
features/Track00005_S02_p20_clean.pt,features/Track00005_p20_vertical31.pt,1,0,1,1,1,1,0.489,vertical,Track00005,20,mel_mel
features/Track00005_S02_p20_clean.pt,features/Track00005_S13_p20_pitch_jitter32.pt,1,1,0,1,1,1,0.5962,pitch_jitter,Track00005,20,mel_mel
features/Track00005_S02_p20_clean.pt,features/Track00005_S13_p20_tempo33.pt,1,1,1,0,1,1,0.3124,tempo,Track00005,20,mel_mel
features/Track00005_S02_p20_clean.pt,features/Track00005_S13_p20_timing34.pt,1,1,1,1,0,1,0.3124,timing,Track00005,20,mel_mel
features/Track00005_S02_p20_clean.pt,features/Track00005_S13_p20_jitter35.pt,1,1,1,1,1,0,0.3124,jitter,Track00005,20,mel_mel
features/Track00005_S01_p20_clean.pt,features/Track00005_S13_p20_clean.pt,1,1,1,1,1,1,0.4508,positive,Track00005,20,mel_mel
features/Track00005_S01_p20_aug36.pt,features/Track00005_S13_p20_aug36.pt,1,1,1,1,1,1,0.7145,augmented,Track00005,20,mel_mel
features/Track00005_S01_p20_clean.pt,features/Track00005_S13_p20_reg37.pt,1,1,1,1,1,1,0.8284,register_var,Track00005,20,mel_mel
features/Track00005_S01_p20_clean.pt,features/Track00005_S13_p20_reg38.pt,1,1,1,1,1,1,0.1994,register_var,Track00005,20,mel_mel
features/Track00005_S01_p20_clean.pt,features/Track00005_S13_p20_key39.pt,0,1,1,1,1,1,0.4472,key,Track00005,20,mel_mel
features/Track00005_S01_p20_clean.pt,features/Track00005_p20_vertical40.pt,1,0,1,1,1,1,0.5563,vertical,Track00005,20,mel_mel
features/Track00005_S01_p20_clean.pt,features/Track00005_S13_p20_pitch_jitter41.pt,1,1,0,1,1,1,0.6311,pitch_jitter,Track00005,20,mel_mel
features/Track00005_S01_p20_clean.pt,features/Track00005_S13_p20_tempo42.pt,1,1,1,0,1,1,0.4508,tempo,Track00005,20,mel_mel
features/Track00005_S01_p20_clean.pt,features/Track00005_S13_p20_timing43.pt,1,1,1,1,0,1,0.4508,timing,Track00005,20,mel_mel
features/Track00005_S01_p20_clean.pt,features/Track00005_S13_p20_jitter44.pt,1,1,1,1,1,0,0.4508,jitter,Track00005,20,mel_mel
features/Track00005_S04_p34_clean.pt,features/Track00005_S11_p34_clean.pt,1,1,1,1,1,1,0.0,positive,Track00005,34,bass_main
features/Track00005_S04_p34_aug45.pt,features/Track00005_S11_p34_aug45.pt,1,1,1,1,1,1,0.0,augmented,Track00005,34,bass_main
features/Track00005_S04_p34_clean.pt,features/Track00005_S11_p34_reg46.pt,1,1,1,1,1,1,0.1413,register_var,Track00005,34,bass_main
features/Track00005_S04_p34_clean.pt,features/Track00005_S11_p34_reg47.pt,1,1,1,1,1,1,0.0,register_var,Track00005,34,bass_main
features/Track00005_S04_p34_clean.pt,features/Track00005_S11_p34_key48.pt,0,1,1,1,1,1,0.0,key,Track00005,34,bass_main
features/Track00005_S04_p34_clean.pt,features/Track00005_p34_vertical49.pt,1,0,1,1,1,1,0.0,vertical,Track00005,34,bass_main
features/Track00005_S04_p34_clean.pt,features/Track00005_S11_p34_pitch_jitter50.pt,1,1,0,1,1,1,0.0,pitch_jitter,Track00005,34,bass_main
features/Track00005_S04_p34_clean.pt,features/Track00005_S11_p34_tempo51.pt,1,1,1,0,1,1,0.0,tempo,Track00005,34,bass_main
features/Track00005_S04_p34_clean.pt,features/Track00005_S11_p34_timing52.pt,1,1,1,1,0,1,0.0,timing,Track00005,34,bass_main
features/Track00005_S04_p34_clean.pt,features/Track00005_S11_p34_jitter53.pt,1,1,1,1,1,0,0.0,jitter,Track00005,34,bass_main
features/Track00005_S02_p34_clean.pt,features/Track00005_S07_p34_clean.pt,1,1,1,1,1,1,0.2912,positive,Track00005,34,mel_mel
features/Track00005_S02_p34_aug54.pt,features/Track00005_S07_p34_aug54.pt,1,1,1,1,1,1,0.3233,augmented,Track00005,34,mel_mel
features/Track00005_S02_p34_clean.pt,features/Track00005_S07_p34_reg55.pt,1,1,1,1,1,1,0.761,register_var,Track00005,34,mel_mel
features/Track00005_S02_p34_clean.pt,features/Track00005_S07_p34_reg56.pt,1,1,1,1,1,1,0.0778,register_var,Track00005,34,mel_mel
features/Track00005_S02_p34_clean.pt,features/Track00005_S07_p34_key57.pt,0,1,1,1,1,1,0.24,key,Track00005,34,mel_mel
features/Track00005_S02_p34_clean.pt,features/Track00005_p34_vertical58.pt,1,0,1,1,1,1,0.2178,vertical,Track00005,34,mel_mel
features/Track00005_S02_p34_clean.pt,features/Track00005_S07_p34_pitch_jitter59.pt,1,1,0,1,1,1,0.1326,pitch_jitter,Track00005,34,mel_mel
features/Track00005_S02_p34_clean.pt,features/Track00005_S07_p34_tempo60.pt,1,1,1,0,1,1,0.2912,tempo,Track00005,34,mel_mel
features/Track00005_S02_p34_clean.pt,features/Track00005_S07_p34_timing61.pt,1,1,1,1,0,1,0.2912,timing,Track00005,34,mel_mel
features/Track00005_S02_p34_clean.pt,features/Track00005_S07_p34_jitter62.pt,1,1,1,1,1,0,0.2912,jitter,Track00005,34,mel_mel
features/Track00005_S10_p34_clean.pt,features/Track00005_S11_p34_clean.pt,1,1,1,1,1,1,0.1809,positive,Track00005,34,mel_mel
features/Track00005_S10_p34_aug63.pt,features/Track00005_S11_p34_aug63.pt,1,1,1,1,1,1,0.2017,augmented,Track00005,34,mel_mel
features/Track00005_S10_p34_clean.pt,features/Track00005_S11_p34_reg64.pt,1,1,1,1,1,1,0.2975,register_var,Track00005,34,mel_mel
features/Track00005_S10_p34_clean.pt,features/Track00005_S11_p34_reg65.pt,1,1,1,1,1,1,0.0,register_var,Track00005,34,mel_mel
features/Track00005_S10_p34_clean.pt,features/Track00005_S11_p34_key66.pt,0,1,1,1,1,1,0.1699,key,Track00005,34,mel_mel
features/Track00005_S10_p34_clean.pt,features/Track00005_p34_vertical67.pt,1,0,1,1,1,1,0.1486,vertical,Track00005,34,mel_mel
features/Track00005_S10_p34_clean.pt,features/Track00005_S11_p34_pitch_jitter68.pt,1,1,0,1,1,1,0.1577,pitch_jitter,Track00005,34,mel_mel
features/Track00005_S10_p34_clean.pt,features/Track00005_S11_p34_tempo69.pt,1,1,1,0,1,1,0.1809,tempo,Track00005,34,mel_mel
features/Track00005_S10_p34_clean.pt,features/Track00005_S11_p34_timing70.pt,1,1,1,1,0,1,0.1809,timing,Track00005,34,mel_mel
features/Track00005_S10_p34_clean.pt,features/Track00005_S11_p34_jitter71.pt,1,1,1,1,1,0,0.1809,jitter,Track00005,34,mel_mel
features/Track00005_S01_p34_clean.pt,features/Track00005_S11_p34_clean.pt,1,1,1,1,1,1,0.0724,positive,Track00005,34,mel_mel
features/Track00005_S01_p34_aug72.pt,features/Track00005_S11_p34_aug72.pt,1,1,1,1,1,1,0.0645,augmented,Track00005,34,mel_mel
features/Track00005_S01_p34_clean.pt,features/Track00005_S11_p34_reg73.pt,1,1,1,1,1,1,0.2747,register_var,Track00005,34,mel_mel
features/Track00005_S01_p34_clean.pt,features/Track00005_S11_p34_reg74.pt,1,1,1,1,1,1,0.0,register_var,Track00005,34,mel_mel
features/Track00005_S01_p34_clean.pt,features/Track00005_S11_p34_key75.pt,0,1,1,1,1,1,0.0609,key,Track00005,34,mel_mel
features/Track00005_S01_p34_clean.pt,features/Track00005_p34_vertical76.pt,1,0,1,1,1,1,0.026,vertical,Track00005,34,mel_mel
features/Track00005_S01_p34_clean.pt,features/Track00005_S11_p34_pitch_jitter77.pt,1,1,0,1,1,1,0.0759,pitch_jitter,Track00005,34,mel_mel
features/Track00005_S01_p34_clean.pt,features/Track00005_S11_p34_tempo78.pt,1,1,1,0,1,1,0.0724,tempo,Track00005,34,mel_mel
features/Track00005_S01_p34_clean.pt,features/Track00005_S11_p34_timing79.pt,1,1,1,1,0,1,0.0724,timing,Track00005,34,mel_mel
features/Track00005_S01_p34_clean.pt,features/Track00005_S11_p34_jitter80.pt,1,1,1,1,1,0,0.0724,jitter,Track00005,34,mel_mel
features/Track00005_S01_p34_clean.pt,features/Track00005_S10_p34_clean.pt,1,1,1,1,1,1,0.5401,positive,Track00005,34,mel_mel
features/Track00005_S01_p34_aug81.pt,features/Track00005_S10_p34_aug81.pt,1,1,1,1,1,1,0.7142,augmented,Track00005,34,mel_mel
features/Track00005_S01_p34_clean.pt,features/Track00005_S10_p34_reg82.pt,1,1,1,1,1,1,0.7678,register_var,Track00005,34,mel_mel
features/Track00005_S01_p34_clean.pt,features/Track00005_S10_p34_reg83.pt,1,1,1,1,1,1,0.2498,register_var,Track00005,34,mel_mel
features/Track00005_S01_p34_clean.pt,features/Track00005_S10_p34_key84.pt,0,1,1,1,1,1,0.6792,key,Track00005,34,mel_mel
features/Track00005_S01_p34_clean.pt,features/Track00005_p34_vertical85.pt,1,0,1,1,1,1,0.6101,vertical,Track00005,34,mel_mel
features/Track00005_S01_p34_clean.pt,features/Track00005_S10_p34_pitch_jitter86.pt,1,1,0,1,1,1,0.7468,pitch_jitter,Track00005,34,mel_mel
features/Track00005_S01_p34_clean.pt,features/Track00005_S10_p34_tempo87.pt,1,1,1,0,1,1,0.5401,tempo,Track00005,34,mel_mel
features/Track00005_S01_p34_clean.pt,features/Track00005_S10_p34_timing88.pt,1,1,1,1,0,1,0.5401,timing,Track00005,34,mel_mel
features/Track00005_S01_p34_clean.pt,features/Track00005_S10_p34_jitter89.pt,1,1,1,1,1,0,0.5401,jitter,Track00005,34,mel_mel
features/Track00006_S03_p10_clean.pt,features/Track00006_S02_p10_clean.pt,1,1,1,1,1,1,0.1876,positive,Track00006,10,bass_main
features/Track00006_S03_p10_aug0.pt,features/Track00006_S02_p10_aug0.pt,1,1,1,1,1,1,0.3068,augmented,Track00006,10,bass_main
features/Track00006_S03_p10_clean.pt,features/Track00006_S02_p10_reg1.pt,1,1,1,1,1,1,0.7507,register_var,Track00006,10,bass_main
features/Track00006_S03_p10_clean.pt,features/Track00006_S02_p10_reg2.pt,1,1,1,1,1,1,0.0155,register_var,Track00006,10,bass_main
features/Track00006_S03_p10_clean.pt,features/Track00006_S02_p10_key3.pt,0,1,1,1,1,1,0.1882,key,Track00006,10,bass_main
features/Track00006_S03_p10_clean.pt,features/Track00006_p10_vertical4.pt,1,0,1,1,1,1,0.2435,vertical,Track00006,10,bass_main
features/Track00006_S03_p10_clean.pt,features/Track00006_S02_p10_pitch_jitter5.pt,1,1,0,1,1,1,0.2234,pitch_jitter,Track00006,10,bass_main
features/Track00006_S03_p10_clean.pt,features/Track00006_S02_p10_tempo6.pt,1,1,1,0,1,1,0.1876,tempo,Track00006,10,bass_main
features/Track00006_S03_p10_clean.pt,features/Track00006_S02_p10_timing7.pt,1,1,1,1,0,1,0.1876,timing,Track00006,10,bass_main
features/Track00006_S03_p10_clean.pt,features/Track00006_S02_p10_jitter8.pt,1,1,1,1,1,0,0.1876,jitter,Track00006,10,bass_main
features/Track00006_S05_p10_clean.pt,features/Track00006_S10_p10_clean.pt,1,1,1,1,1,1,0.4331,positive,Track00006,10,mel_mel
features/Track00006_S05_p10_aug9.pt,features/Track00006_S10_p10_aug9.pt,1,1,1,1,1,1,0.4249,augmented,Track00006,10,mel_mel
features/Track00006_S05_p10_clean.pt,features/Track00006_S10_p10_reg10.pt,1,1,1,1,1,1,0.1481,register_var,Track00006,10,mel_mel
features/Track00006_S05_p10_clean.pt,features/Track00006_S10_p10_reg11.pt,1,1,1,1,1,1,0.954,register_var,Track00006,10,mel_mel
features/Track00006_S05_p10_clean.pt,features/Track00006_S10_p10_key12.pt,0,1,1,1,1,1,0.4141,key,Track00006,10,mel_mel
features/Track00006_S10_p10_clean.pt,features/Track00006_p10_vertical13.pt,1,0,1,1,1,1,0.1002,vertical,Track00006,10,mel_mel
features/Track00006_S05_p10_clean.pt,features/Track00006_S10_p10_pitch_jitter14.pt,1,1,0,1,1,1,0.2731,pitch_jitter,Track00006,10,mel_mel
features/Track00006_S05_p10_clean.pt,features/Track00006_S10_p10_tempo15.pt,1,1,1,0,1,1,0.4331,tempo,Track00006,10,mel_mel
features/Track00006_S05_p10_clean.pt,features/Track00006_S10_p10_timing16.pt,1,1,1,1,0,1,0.4331,timing,Track00006,10,mel_mel
features/Track00006_S05_p10_clean.pt,features/Track00006_S10_p10_jitter17.pt,1,1,1,1,1,0,0.4331,jitter,Track00006,10,mel_mel
features/Track00006_S01_p10_clean.pt,features/Track00006_S05_p10_clean.pt,1,1,1,1,1,1,0.2938,positive,Track00006,10,mel_mel
features/Track00006_S01_p10_aug18.pt,features/Track00006_S05_p10_aug18.pt,1,1,1,1,1,1,0.3207,augmented,Track00006,10,mel_mel
features/Track00006_S01_p10_clean.pt,features/Track00006_S05_p10_reg19.pt,1,1,1,1,1,1,0.7123,register_var,Track00006,10,mel_mel
features/Track00006_S01_p10_clean.pt,features/Track00006_S05_p10_reg20.pt,1,1,1,1,1,1,0.1206,register_var,Track00006,10,mel_mel
features/Track00006_S01_p10_clean.pt,features/Track00006_S05_p10_key21.pt,0,1,1,1,1,1,0.3053,key,Track00006,10,mel_mel
features/Track00006_S01_p10_clean.pt,features/Track00006_p10_vertical22.pt,1,0,1,1,1,1,0.2065,vertical,Track00006,10,mel_mel
features/Track00006_S01_p10_clean.pt,features/Track00006_S05_p10_pitch_jitter23.pt,1,1,0,1,1,1,0.3005,pitch_jitter,Track00006,10,mel_mel
features/Track00006_S01_p10_clean.pt,features/Track00006_S05_p10_tempo24.pt,1,1,1,0,1,1,0.2938,tempo,Track00006,10,mel_mel
features/Track00006_S01_p10_clean.pt,features/Track00006_S05_p10_timing25.pt,1,1,1,1,0,1,0.2938,timing,Track00006,10,mel_mel
features/Track00006_S01_p10_clean.pt,features/Track00006_S05_p10_jitter26.pt,1,1,1,1,1,0,0.2938,jitter,Track00006,10,mel_mel
features/Track00006_S01_p10_clean.pt,features/Track00006_S02_p10_clean.pt,1,1,1,1,1,1,0.3311,positive,Track00006,10,mel_mel
features/Track00006_S01_p10_aug27.pt,features/Track00006_S02_p10_aug27.pt,1,1,1,1,1,1,0.5111,augmented,Track00006,10,mel_mel
features/Track00006_S01_p10_clean.pt,features/Track00006_S02_p10_reg28.pt,1,1,1,1,1,1,0.8314,register_var,Track00006,10,mel_mel
features/Track00006_S01_p10_clean.pt,features/Track00006_S02_p10_reg29.pt,1,1,1,1,1,1,0.1108,register_var,Track00006,10,mel_mel
features/Track00006_S01_p10_clean.pt,features/Track00006_S02_p10_key30.pt,0,1,1,1,1,1,0.2591,key,Track00006,10,mel_mel
features/Track00006_S01_p10_clean.pt,features/Track00006_p10_vertical31.pt,1,0,1,1,1,1,0.5069,vertical,Track00006,10,mel_mel
features/Track00006_S01_p10_clean.pt,features/Track00006_S02_p10_pitch_jitter32.pt,1,1,0,1,1,1,0.5009,pitch_jitter,Track00006,10,mel_mel
features/Track00006_S01_p10_clean.pt,features/Track00006_S02_p10_tempo33.pt,1,1,1,0,1,1,0.3311,tempo,Track00006,10,mel_mel
features/Track00006_S01_p10_clean.pt,features/Track00006_S02_p10_timing34.pt,1,1,1,1,0,1,0.3311,timing,Track00006,10,mel_mel
features/Track00006_S01_p10_clean.pt,features/Track00006_S02_p10_jitter35.pt,1,1,1,1,1,0,0.3311,jitter,Track00006,10,mel_mel
features/Track00006_S02_p10_clean.pt,features/Track00006_S05_p10_clean.pt,1,1,1,1,1,1,0.0872,positive,Track00006,10,mel_mel
features/Track00006_S02_p10_aug36.pt,features/Track00006_S05_p10_aug36.pt,1,1,1,1,1,1,0.0826,augmented,Track00006,10,mel_mel
features/Track00006_S02_p10_clean.pt,features/Track00006_S05_p10_reg37.pt,1,1,1,1,1,1,0.1168,register_var,Track00006,10,mel_mel
features/Track00006_S02_p10_clean.pt,features/Track00006_S05_p10_reg38.pt,1,1,1,1,1,1,0.1165,register_var,Track00006,10,mel_mel
features/Track00006_S02_p10_clean.pt,features/Track00006_S05_p10_key39.pt,0,1,1,1,1,1,0.2338,key,Track00006,10,mel_mel
features/Track00006_S05_p10_clean.pt,features/Track00006_p10_vertical40.pt,1,0,1,1,1,1,0.0828,vertical,Track00006,10,mel_mel
features/Track00006_S02_p10_clean.pt,features/Track00006_S05_p10_pitch_jitter41.pt,1,1,0,1,1,1,0.2344,pitch_jitter,Track00006,10,mel_mel
features/Track00006_S02_p10_clean.pt,features/Track00006_S05_p10_tempo42.pt,1,1,1,0,1,1,0.0872,tempo,Track00006,10,mel_mel
features/Track00006_S02_p10_clean.pt,features/Track00006_S05_p10_timing43.pt,1,1,1,1,0,1,0.0872,timing,Track00006,10,mel_mel
features/Track00006_S02_p10_clean.pt,features/Track00006_S05_p10_jitter44.pt,1,1,1,1,1,0,0.0872,jitter,Track00006,10,mel_mel
features/Track00006_S03_p24_clean.pt,features/Track00006_S02_p24_clean.pt,1,1,1,1,1,1,0.1285,positive,Track00006,24,bass_main
features/Track00006_S03_p24_aug45.pt,features/Track00006_S02_p24_aug45.pt,1,1,1,1,1,1,0.133,augmented,Track00006,24,bass_main
features/Track00006_S03_p24_clean.pt,features/Track00006_S02_p24_reg46.pt,1,1,1,1,1,1,0.4538,register_var,Track00006,24,bass_main
features/Track00006_S03_p24_clean.pt,features/Track00006_S02_p24_reg47.pt,1,1,1,1,1,1,0.0099,register_var,Track00006,24,bass_main
features/Track00006_S03_p24_clean.pt,features/Track00006_S02_p24_key48.pt,0,1,1,1,1,1,0.0649,key,Track00006,24,bass_main
features/Track00006_S03_p24_clean.pt,features/Track00006_p24_vertical49.pt,1,0,1,1,1,1,0.177,vertical,Track00006,24,bass_main
features/Track00006_S03_p24_clean.pt,features/Track00006_S02_p24_pitch_jitter50.pt,1,1,0,1,1,1,0.0589,pitch_jitter,Track00006,24,bass_main
features/Track00006_S03_p24_clean.pt,features/Track00006_S02_p24_tempo51.pt,1,1,1,0,1,1,0.1285,tempo,Track00006,24,bass_main
features/Track00006_S03_p24_clean.pt,features/Track00006_S02_p24_timing52.pt,1,1,1,1,0,1,0.1285,timing,Track00006,24,bass_main
features/Track00006_S03_p24_clean.pt,features/Track00006_S02_p24_jitter53.pt,1,1,1,1,1,0,0.1285,jitter,Track00006,24,bass_main
features/Track00006_S02_p24_clean.pt,features/Track00006_S07_p24_clean.pt,1,1,1,1,1,1,0.2932,positive,Track00006,24,mel_mel
features/Track00006_S02_p24_aug54.pt,features/Track00006_S07_p24_aug54.pt,1,1,1,1,1,1,0.5903,augmented,Track00006,24,mel_mel
features/Track00006_S02_p24_clean.pt,features/Track00006_S07_p24_reg55.pt,1,1,1,1,1,1,0.1771,register_var,Track00006,24,mel_mel
features/Track00006_S02_p24_clean.pt,features/Track00006_S07_p24_reg56.pt,1,1,1,1,1,1,0.252,register_var,Track00006,24,mel_mel
features/Track00006_S02_p24_clean.pt,features/Track00006_S07_p24_key57.pt,0,1,1,1,1,1,0.5321,key,Track00006,24,mel_mel
features/Track00006_S07_p24_clean.pt,features/Track00006_p24_vertical58.pt,1,0,1,1,1,1,0.1841,vertical,Track00006,24,mel_mel
features/Track00006_S02_p24_clean.pt,features/Track00006_S07_p24_pitch_jitter59.pt,1,1,0,1,1,1,0.6199,pitch_jitter,Track00006,24,mel_mel
features/Track00006_S02_p24_clean.pt,features/Track00006_S07_p24_tempo60.pt,1,1,1,0,1,1,0.2932,tempo,Track00006,24,mel_mel
features/Track00006_S02_p24_clean.pt,features/Track00006_S07_p24_timing61.pt,1,1,1,1,0,1,0.2932,timing,Track00006,24,mel_mel
features/Track00006_S02_p24_clean.pt,features/Track00006_S07_p24_jitter62.pt,1,1,1,1,1,0,0.2932,jitter,Track00006,24,mel_mel
features/Track00006_S01_p24_clean.pt,features/Track00006_S10_p24_clean.pt,1,1,1,1,1,1,0.8577,positive,Track00006,24,mel_mel
features/Track00006_S01_p24_aug63.pt,features/Track00006_S10_p24_aug63.pt,1,1,1,1,1,1,0.9779,augmented,Track00006,24,mel_mel
features/Track00006_S01_p24_clean.pt,features/Track00006_S10_p24_reg64.pt,1,1,1,1,1,1,0.5499,register_var,Track00006,24,mel_mel
features/Track00006_S01_p24_clean.pt,features/Track00006_S10_p24_reg65.pt,1,1,1,1,1,1,0.4359,register_var,Track00006,24,mel_mel
features/Track00006_S01_p24_clean.pt,features/Track00006_S10_p24_key66.pt,0,1,1,1,1,1,0.8613,key,Track00006,24,mel_mel
features/Track00006_S01_p24_clean.pt,features/Track00006_p24_vertical67.pt,1,0,1,1,1,1,0.7465,vertical,Track00006,24,mel_mel
features/Track00006_S01_p24_clean.pt,features/Track00006_S10_p24_pitch_jitter68.pt,1,1,0,1,1,1,0.9123,pitch_jitter,Track00006,24,mel_mel
features/Track00006_S01_p24_clean.pt,features/Track00006_S10_p24_tempo69.pt,1,1,1,0,1,1,0.8577,tempo,Track00006,24,mel_mel
features/Track00006_S01_p24_clean.pt,features/Track00006_S10_p24_timing70.pt,1,1,1,1,0,1,0.8577,timing,Track00006,24,mel_mel
features/Track00006_S01_p24_clean.pt,features/Track00006_S10_p24_jitter71.pt,1,1,1,1,1,0,0.8577,jitter,Track00006,24,mel_mel
features/Track00006_S08_p24_clean.pt,features/Track00006_S11_p24_clean.pt,1,1,1,1,1,1,0.771,positive,Track00006,24,mel_mel
features/Track00006_S08_p24_aug72.pt,features/Track00006_S11_p24_aug72.pt,1,1,1,1,1,1,0.7398,augmented,Track00006,24,mel_mel
features/Track00006_S08_p24_clean.pt,features/Track00006_S11_p24_reg73.pt,1,1,1,1,1,1,0.7665,register_var,Track00006,24,mel_mel
features/Track00006_S08_p24_clean.pt,features/Track00006_S11_p24_reg74.pt,1,1,1,1,1,1,0.3959,register_var,Track00006,24,mel_mel
features/Track00006_S08_p24_clean.pt,features/Track00006_S11_p24_key75.pt,0,1,1,1,1,1,0.698,key,Track00006,24,mel_mel
features/Track00006_S08_p24_clean.pt,features/Track00006_p24_vertical76.pt,1,0,1,1,1,1,0.8296,vertical,Track00006,24,mel_mel
features/Track00006_S08_p24_clean.pt,features/Track00006_S11_p24_pitch_jitter77.pt,1,1,0,1,1,1,0.8961,pitch_jitter,Track00006,24,mel_mel
features/Track00006_S08_p24_clean.pt,features/Track00006_S11_p24_tempo78.pt,1,1,1,0,1,1,0.771,tempo,Track00006,24,mel_mel
features/Track00006_S08_p24_clean.pt,features/Track00006_S11_p24_timing79.pt,1,1,1,1,0,1,0.771,timing,Track00006,24,mel_mel
features/Track00006_S08_p24_clean.pt,features/Track00006_S11_p24_jitter80.pt,1,1,1,1,1,0,0.771,jitter,Track00006,24,mel_mel
features/Track00006_S01_p24_clean.pt,features/Track00006_S08_p24_clean.pt,1,1,1,1,1,1,0.9463,positive,Track00006,24,mel_mel
features/Track00006_S01_p24_aug81.pt,features/Track00006_S08_p24_aug81.pt,1,1,1,1,1,1,0.9139,augmented,Track00006,24,mel_mel
features/Track00006_S01_p24_clean.pt,features/Track00006_S08_p24_reg82.pt,1,1,1,1,1,1,0.4323,register_var,Track00006,24,mel_mel
features/Track00006_S01_p24_clean.pt,features/Track00006_S08_p24_reg83.pt,1,1,1,1,1,1,0.6183,register_var,Track00006,24,mel_mel
features/Track00006_S01_p24_clean.pt,features/Track00006_S08_p24_key84.pt,0,1,1,1,1,1,0.8285,key,Track00006,24,mel_mel
features/Track00006_S08_p24_clean.pt,features/Track00006_p24_vertical85.pt,1,0,1,1,1,1,0.6958,vertical,Track00006,24,mel_mel
features/Track00006_S01_p24_clean.pt,features/Track00006_S08_p24_pitch_jitter86.pt,1,1,0,1,1,1,0.97,pitch_jitter,Track00006,24,mel_mel
features/Track00006_S01_p24_clean.pt,features/Track00006_S08_p24_tempo87.pt,1,1,1,0,1,1,0.9463,tempo,Track00006,24,mel_mel
features/Track00006_S01_p24_clean.pt,features/Track00006_S08_p24_timing88.pt,1,1,1,1,0,1,0.9463,timing,Track00006,24,mel_mel
features/Track00006_S01_p24_clean.pt,features/Track00006_S08_p24_jitter89.pt,1,1,1,1,1,0,0.9463,jitter,Track00006,24,mel_mel
features/Track00009_S05_p12_clean.pt,features/Track00009_S10_p12_clean.pt,1,1,1,1,1,1,0.396,positive,Track00009,12,mel_mel
features/Track00009_S05_p12_aug0.pt,features/Track00009_S10_p12_aug0.pt,1,1,1,1,1,1,0.4069,augmented,Track00009,12,mel_mel
features/Track00009_S05_p12_clean.pt,features/Track00009_S10_p12_reg1.pt,1,1,1,1,1,1,0.3331,register_var,Track00009,12,mel_mel
features/Track00009_S05_p12_clean.pt,features/Track00009_S10_p12_reg2.pt,1,1,1,1,1,1,0.1525,register_var,Track00009,12,mel_mel
features/Track00009_S05_p12_clean.pt,features/Track00009_S10_p12_key3.pt,0,1,1,1,1,1,0.3821,key,Track00009,12,mel_mel
features/Track00009_S05_p12_clean.pt,features/Track00009_p12_vertical4.pt,1,0,1,1,1,1,0.0675,vertical,Track00009,12,mel_mel
features/Track00009_S05_p12_clean.pt,features/Track00009_S10_p12_pitch_jitter5.pt,1,1,0,1,1,1,0.358,pitch_jitter,Track00009,12,mel_mel
features/Track00009_S05_p12_clean.pt,features/Track00009_S10_p12_tempo6.pt,1,1,1,0,1,1,0.396,tempo,Track00009,12,mel_mel
features/Track00009_S05_p12_clean.pt,features/Track00009_S10_p12_timing7.pt,1,1,1,1,0,1,0.396,timing,Track00009,12,mel_mel
features/Track00009_S05_p12_clean.pt,features/Track00009_S10_p12_jitter8.pt,1,1,1,1,1,0,0.396,jitter,Track00009,12,mel_mel
features/Track00009_S04_p19_clean.pt,features/Track00009_S05_p19_clean.pt,1,1,1,1,1,1,0.6071,positive,Track00009,19,mel_mel
features/Track00009_S04_p19_aug9.pt,features/Track00009_S05_p19_aug9.pt,1,1,1,1,1,1,0.5807,augmented,Track00009,19,mel_mel
features/Track00009_S04_p19_clean.pt,features/Track00009_S05_p19_reg10.pt,1,1,1,1,1,1,0.9715,register_var,Track00009,19,mel_mel
features/Track00009_S04_p19_clean.pt,features/Track00009_S05_p19_reg11.pt,1,1,1,1,1,1,0.2306,register_var,Track00009,19,mel_mel
features/Track00009_S04_p19_clean.pt,features/Track00009_S05_p19_key12.pt,0,1,1,1,1,1,0.1817,key,Track00009,19,mel_mel
features/Track00009_S04_p19_clean.pt,features/Track00009_p19_vertical13.pt,1,0,1,1,1,1,0.4955,vertical,Track00009,19,mel_mel
features/Track00009_S04_p19_clean.pt,features/Track00009_S05_p19_pitch_jitter14.pt,1,1,0,1,1,1,0.0887,pitch_jitter,Track00009,19,mel_mel
features/Track00009_S04_p19_clean.pt,features/Track00009_S05_p19_tempo15.pt,1,1,1,0,1,1,0.6071,tempo,Track00009,19,mel_mel
features/Track00009_S04_p19_clean.pt,features/Track00009_S05_p19_timing16.pt,1,1,1,1,0,1,0.6071,timing,Track00009,19,mel_mel
features/Track00009_S04_p19_clean.pt,features/Track00009_S05_p19_jitter17.pt,1,1,1,1,1,0,0.6071,jitter,Track00009,19,mel_mel
features/Track00012_S10_p15_clean.pt,features/Track00012_S01_p15_clean.pt,1,1,1,1,1,1,0.2715,positive,Track00012,15,bass_main
features/Track00012_S10_p15_aug0.pt,features/Track00012_S01_p15_aug0.pt,1,1,1,1,1,1,0.2278,augmented,Track00012,15,bass_main
features/Track00012_S10_p15_clean.pt,features/Track00012_S01_p15_reg1.pt,1,1,1,1,1,1,0.2576,register_var,Track00012,15,bass_main
features/Track00012_S10_p15_clean.pt,features/Track00012_S01_p15_reg2.pt,1,1,1,1,1,1,0.3582,register_var,Track00012,15,bass_main
features/Track00012_S10_p15_clean.pt,features/Track00012_S01_p15_key3.pt,0,1,1,1,1,1,0.3126,key,Track00012,15,bass_main
features/Track00012_S01_p15_clean.pt,features/Track00012_p15_vertical4.pt,1,0,1,1,1,1,0.0571,vertical,Track00012,15,bass_main
features/Track00012_S10_p15_clean.pt,features/Track00012_S01_p15_pitch_jitter5.pt,1,1,0,1,1,1,0.4681,pitch_jitter,Track00012,15,bass_main
features/Track00012_S10_p15_clean.pt,features/Track00012_S01_p15_tempo6.pt,1,1,1,0,1,1,0.2715,tempo,Track00012,15,bass_main
features/Track00012_S10_p15_clean.pt,features/Track00012_S01_p15_timing7.pt,1,1,1,1,0,1,0.2715,timing,Track00012,15,bass_main
features/Track00012_S10_p15_clean.pt,features/Track00012_S01_p15_jitter8.pt,1,1,1,1,1,0,0.2715,jitter,Track00012,15,bass_main
features/Track00012_S01_p15_clean.pt,features/Track00012_S03_p15_clean.pt,1,1,1,1,1,1,0.5935,positive,Track00012,15,mel_mel
features/Track00012_S01_p15_aug9.pt,features/Track00012_S03_p15_aug9.pt,1,1,1,1,1,1,0.5972,augmented,Track00012,15,mel_mel
features/Track00012_S01_p15_clean.pt,features/Track00012_S03_p15_reg10.pt,1,1,1,1,1,1,0.5443,register_var,Track00012,15,mel_mel
features/Track00012_S01_p15_clean.pt,features/Track00012_S03_p15_reg11.pt,1,1,1,1,1,1,0.3202,register_var,Track00012,15,mel_mel
features/Track00012_S01_p15_clean.pt,features/Track00012_S03_p15_key12.pt,0,1,1,1,1,1,0.5203,key,Track00012,15,mel_mel
features/Track00012_S01_p15_clean.pt,features/Track00012_p15_vertical13.pt,1,0,1,1,1,1,0.0585,vertical,Track00012,15,mel_mel
features/Track00012_S01_p15_clean.pt,features/Track00012_S03_p15_pitch_jitter14.pt,1,1,0,1,1,1,0.2702,pitch_jitter,Track00012,15,mel_mel
features/Track00012_S01_p15_clean.pt,features/Track00012_S03_p15_tempo15.pt,1,1,1,0,1,1,0.5935,tempo,Track00012,15,mel_mel
features/Track00012_S01_p15_clean.pt,features/Track00012_S03_p15_timing16.pt,1,1,1,1,0,1,0.5935,timing,Track00012,15,mel_mel
features/Track00012_S01_p15_clean.pt,features/Track00012_S03_p15_jitter17.pt,1,1,1,1,1,0,0.5935,jitter,Track00012,15,mel_mel
features/Track00012_S05_p32_clean.pt,features/Track00012_S09_p32_clean.pt,1,1,1,1,1,1,0.2965,positive,Track00012,32,bass_main
features/Track00012_S05_p32_aug18.pt,features/Track00012_S09_p32_aug18.pt,1,1,1,1,1,1,0.4745,augmented,Track00012,32,bass_main
features/Track00012_S05_p32_clean.pt,features/Track00012_S09_p32_reg19.pt,1,1,1,1,1,1,0.7999,register_var,Track00012,32,bass_main
features/Track00012_S05_p32_clean.pt,features/Track00012_S09_p32_reg20.pt,1,1,1,1,1,1,0.0661,register_var,Track00012,32,bass_main
features/Track00012_S05_p32_clean.pt,features/Track00012_S09_p32_key21.pt,0,1,1,1,1,1,0.0618,key,Track00012,32,bass_main
features/Track00012_S05_p32_clean.pt,features/Track00012_p32_vertical22.pt,1,0,1,1,1,1,0.0584,vertical,Track00012,32,bass_main
features/Track00012_S05_p32_clean.pt,features/Track00012_S09_p32_pitch_jitter23.pt,1,1,0,1,1,1,0.0597,pitch_jitter,Track00012,32,bass_main
features/Track00012_S05_p32_clean.pt,features/Track00012_S09_p32_tempo24.pt,1,1,1,0,1,1,0.2965,tempo,Track00012,32,bass_main
features/Track00012_S05_p32_clean.pt,features/Track00012_S09_p32_timing25.pt,1,1,1,1,0,1,0.2965,timing,Track00012,32,bass_main
features/Track00012_S05_p32_clean.pt,features/Track00012_S09_p32_jitter26.pt,1,1,1,1,1,0,0.2965,jitter,Track00012,32,bass_main
features/Track00010_S00_p14_clean.pt,features/Track00010_S03_p14_clean.pt,1,1,1,1,1,1,0.2254,positive,Track00010,14,bass_main
features/Track00010_S00_p14_aug0.pt,features/Track00010_S03_p14_aug0.pt,1,1,1,1,1,1,0.1632,augmented,Track00010,14,bass_main
features/Track00010_S00_p14_clean.pt,features/Track00010_S03_p14_reg1.pt,1,1,1,1,1,1,0.3893,register_var,Track00010,14,bass_main
features/Track00010_S00_p14_clean.pt,features/Track00010_S03_p14_reg2.pt,1,1,1,1,1,1,0.0035,register_var,Track00010,14,bass_main
features/Track00010_S00_p14_clean.pt,features/Track00010_S03_p14_key3.pt,0,1,1,1,1,1,0.2482,key,Track00010,14,bass_main
features/Track00010_S00_p14_clean.pt,features/Track00010_p14_vertical4.pt,1,0,1,1,1,1,0.2263,vertical,Track00010,14,bass_main
features/Track00010_S00_p14_clean.pt,features/Track00010_S03_p14_pitch_jitter5.pt,1,1,0,1,1,1,0.2369,pitch_jitter,Track00010,14,bass_main
features/Track00010_S00_p14_clean.pt,features/Track00010_S03_p14_tempo6.pt,1,1,1,0,1,1,0.2254,tempo,Track00010,14,bass_main
features/Track00010_S00_p14_clean.pt,features/Track00010_S03_p14_timing7.pt,1,1,1,1,0,1,0.2254,timing,Track00010,14,bass_main
features/Track00010_S00_p14_clean.pt,features/Track00010_S03_p14_jitter8.pt,1,1,1,1,1,0,0.2254,jitter,Track00010,14,bass_main
features/Track00010_S03_p14_clean.pt,features/Track00010_S05_p14_clean.pt,1,1,1,1,1,1,0.5491,positive,Track00010,14,mel_mel
features/Track00010_S03_p14_aug9.pt,features/Track00010_S05_p14_aug9.pt,1,1,1,1,1,1,0.5355,augmented,Track00010,14,mel_mel
features/Track00010_S03_p14_clean.pt,features/Track00010_S05_p14_reg10.pt,1,1,1,1,1,1,0.3677,register_var,Track00010,14,mel_mel
features/Track00010_S03_p14_clean.pt,features/Track00010_S05_p14_reg11.pt,1,1,1,1,1,1,0.9239,register_var,Track00010,14,mel_mel
features/Track00010_S03_p14_clean.pt,features/Track00010_S05_p14_key12.pt,0,1,1,1,1,1,0.4929,key,Track00010,14,mel_mel
features/Track00010_S05_p14_clean.pt,features/Track00010_p14_vertical13.pt,1,0,1,1,1,1,0.3851,vertical,Track00010,14,mel_mel
features/Track00010_S03_p14_clean.pt,features/Track00010_S05_p14_pitch_jitter14.pt,1,1,0,1,1,1,0.4652,pitch_jitter,Track00010,14,mel_mel
features/Track00010_S03_p14_clean.pt,features/Track00010_S05_p14_tempo15.pt,1,1,1,0,1,1,0.5491,tempo,Track00010,14,mel_mel
features/Track00010_S03_p14_clean.pt,features/Track00010_S05_p14_timing16.pt,1,1,1,1,0,1,0.5491,timing,Track00010,14,mel_mel
features/Track00010_S03_p14_clean.pt,features/Track00010_S05_p14_jitter17.pt,1,1,1,1,1,0,0.5491,jitter,Track00010,14,mel_mel
features/Track00010_S01_p14_clean.pt,features/Track00010_S03_p14_clean.pt,1,1,1,1,1,1,0.2677,positive,Track00010,14,mel_mel
features/Track00010_S01_p14_aug18.pt,features/Track00010_S03_p14_aug18.pt,1,1,1,1,1,1,0.1674,augmented,Track00010,14,mel_mel
features/Track00010_S01_p14_clean.pt,features/Track00010_S03_p14_reg19.pt,1,1,1,1,1,1,0.5059,register_var,Track00010,14,mel_mel
features/Track00010_S01_p14_clean.pt,features/Track00010_S03_p14_reg20.pt,1,1,1,1,1,1,0.0475,register_var,Track00010,14,mel_mel
features/Track00010_S01_p14_clean.pt,features/Track00010_S03_p14_key21.pt,0,1,1,1,1,1,0.2446,key,Track00010,14,mel_mel
features/Track00010_S01_p14_clean.pt,features/Track00010_p14_vertical22.pt,1,0,1,1,1,1,0.1161,vertical,Track00010,14,mel_mel
features/Track00010_S01_p14_clean.pt,features/Track00010_S03_p14_pitch_jitter23.pt,1,1,0,1,1,1,0.2487,pitch_jitter,Track00010,14,mel_mel
features/Track00010_S01_p14_clean.pt,features/Track00010_S03_p14_tempo24.pt,1,1,1,0,1,1,0.2677,tempo,Track00010,14,mel_mel
features/Track00010_S01_p14_clean.pt,features/Track00010_S03_p14_timing25.pt,1,1,1,1,0,1,0.2677,timing,Track00010,14,mel_mel
features/Track00010_S01_p14_clean.pt,features/Track00010_S03_p14_jitter26.pt,1,1,1,1,1,0,0.2677,jitter,Track00010,14,mel_mel
features/Track00010_S01_p14_clean.pt,features/Track00010_S05_p14_clean.pt,1,1,1,1,1,1,0.7664,positive,Track00010,14,mel_mel
features/Track00010_S01_p14_aug27.pt,features/Track00010_S05_p14_aug27.pt,1,1,1,1,1,1,0.7458,augmented,Track00010,14,mel_mel
features/Track00010_S01_p14_clean.pt,features/Track00010_S05_p14_reg28.pt,1,1,1,1,1,1,0.8831,register_var,Track00010,14,mel_mel
features/Track00010_S01_p14_clean.pt,features/Track00010_S05_p14_reg29.pt,1,1,1,1,1,1,0.4376,register_var,Track00010,14,mel_mel
features/Track00010_S01_p14_clean.pt,features/Track00010_S05_p14_key30.pt,0,1,1,1,1,1,0.6891,key,Track00010,14,mel_mel
features/Track00010_S01_p14_clean.pt,features/Track00010_p14_vertical31.pt,1,0,1,1,1,1,0.5495,vertical,Track00010,14,mel_mel
features/Track00010_S01_p14_clean.pt,features/Track00010_S05_p14_pitch_jitter32.pt,1,1,0,1,1,1,0.6354,pitch_jitter,Track00010,14,mel_mel
features/Track00010_S01_p14_clean.pt,features/Track00010_S05_p14_tempo33.pt,1,1,1,0,1,1,0.7664,tempo,Track00010,14,mel_mel
features/Track00010_S01_p14_clean.pt,features/Track00010_S05_p14_timing34.pt,1,1,1,1,0,1,0.7664,timing,Track00010,14,mel_mel
features/Track00010_S01_p14_clean.pt,features/Track00010_S05_p14_jitter35.pt,1,1,1,1,1,0,0.7664,jitter,Track00010,14,mel_mel
features/Track00010_S00_p26_clean.pt,features/Track00010_S01_p26_clean.pt,1,1,1,1,1,1,0.9484,positive,Track00010,26,bass_main
features/Track00010_S00_p26_aug36.pt,features/Track00010_S01_p26_aug36.pt,1,1,1,1,1,1,0.9591,augmented,Track00010,26,bass_main
features/Track00010_S00_p26_clean.pt,features/Track00010_S01_p26_reg37.pt,1,1,1,1,1,1,0.8646,register_var,Track00010,26,bass_main
features/Track00010_S00_p26_clean.pt,features/Track00010_S01_p26_reg38.pt,1,1,1,1,1,1,0.6263,register_var,Track00010,26,bass_main
features/Track00010_S00_p26_clean.pt,features/Track00010_S01_p26_key39.pt,0,1,1,1,1,1,0.842,key,Track00010,26,bass_main
features/Track00010_S00_p26_clean.pt,features/Track00010_p26_vertical40.pt,1,0,1,1,1,1,0.9183,vertical,Track00010,26,bass_main
features/Track00010_S00_p26_clean.pt,features/Track00010_S01_p26_pitch_jitter41.pt,1,1,0,1,1,1,0.8846,pitch_jitter,Track00010,26,bass_main
features/Track00010_S00_p26_clean.pt,features/Track00010_S01_p26_tempo42.pt,1,1,1,0,1,1,0.9484,tempo,Track00010,26,bass_main
features/Track00010_S00_p26_clean.pt,features/Track00010_S01_p26_timing43.pt,1,1,1,1,0,1,0.9484,timing,Track00010,26,bass_main
features/Track00010_S00_p26_clean.pt,features/Track00010_S01_p26_jitter44.pt,1,1,1,1,1,0,0.9484,jitter,Track00010,26,bass_main
features/Track00016_S01_p13_clean.pt,features/Track00016_S03_p13_clean.pt,1,1,1,1,1,1,0.5775,positive,Track00016,13,bass_main
features/Track00016_S01_p13_aug0.pt,features/Track00016_S03_p13_aug0.pt,1,1,1,1,1,1,0.5607,augmented,Track00016,13,bass_main
features/Track00016_S01_p13_clean.pt,features/Track00016_S03_p13_reg1.pt,1,1,1,1,1,1,0.9631,register_var,Track00016,13,bass_main
features/Track00016_S01_p13_clean.pt,features/Track00016_S03_p13_reg2.pt,1,1,1,1,1,1,0.2645,register_var,Track00016,13,bass_main
features/Track00016_S01_p13_clean.pt,features/Track00016_S03_p13_key3.pt,0,1,1,1,1,1,0.5736,key,Track00016,13,bass_main
features/Track00016_S01_p13_clean.pt,features/Track00016_p13_vertical4.pt,1,0,1,1,1,1,0.4348,vertical,Track00016,13,bass_main
features/Track00016_S01_p13_clean.pt,features/Track00016_S03_p13_pitch_jitter5.pt,1,1,0,1,1,1,0.5837,pitch_jitter,Track00016,13,bass_main
features/Track00016_S01_p13_clean.pt,features/Track00016_S03_p13_tempo6.pt,1,1,1,0,1,1,0.5775,tempo,Track00016,13,bass_main
features/Track00016_S01_p13_clean.pt,features/Track00016_S03_p13_timing7.pt,1,1,1,1,0,1,0.5775,timing,Track00016,13,bass_main
features/Track00016_S01_p13_clean.pt,features/Track00016_S03_p13_jitter8.pt,1,1,1,1,1,0,0.5775,jitter,Track00016,13,bass_main
features/Track00016_S01_p23_clean.pt,features/Track00016_S03_p23_clean.pt,1,1,1,1,1,1,0.5519,positive,Track00016,23,bass_main
features/Track00016_S01_p23_aug9.pt,features/Track00016_S03_p23_aug9.pt,1,1,1,1,1,1,0.4771,augmented,Track00016,23,bass_main
features/Track00016_S01_p23_clean.pt,features/Track00016_S03_p23_reg10.pt,1,1,1,1,1,1,0.9575,register_var,Track00016,23,bass_main
features/Track00016_S01_p23_clean.pt,features/Track00016_S03_p23_reg11.pt,1,1,1,1,1,1,0.1823,register_var,Track00016,23,bass_main
features/Track00016_S01_p23_clean.pt,features/Track00016_S03_p23_key12.pt,0,1,1,1,1,1,0.4583,key,Track00016,23,bass_main
features/Track00016_S01_p23_clean.pt,features/Track00016_p23_vertical13.pt,1,0,1,1,1,1,0.4421,vertical,Track00016,23,bass_main
features/Track00016_S01_p23_clean.pt,features/Track00016_S03_p23_pitch_jitter14.pt,1,1,0,1,1,1,0.5281,pitch_jitter,Track00016,23,bass_main
features/Track00016_S01_p23_clean.pt,features/Track00016_S03_p23_tempo15.pt,1,1,1,0,1,1,0.5519,tempo,Track00016,23,bass_main
features/Track00016_S01_p23_clean.pt,features/Track00016_S03_p23_timing16.pt,1,1,1,1,0,1,0.5519,timing,Track00016,23,bass_main
features/Track00016_S01_p23_clean.pt,features/Track00016_S03_p23_jitter17.pt,1,1,1,1,1,0,0.5519,jitter,Track00016,23,bass_main
features/Track00016_S03_p23_clean.pt,features/Track00016_S06_p23_clean.pt,1,1,1,1,1,1,0.5668,positive,Track00016,23,mel_mel
features/Track00016_S03_p23_aug18.pt,features/Track00016_S06_p23_aug18.pt,1,1,1,1,1,1,0.712,augmented,Track00016,23,mel_mel
features/Track00016_S03_p23_clean.pt,features/Track00016_S06_p23_reg19.pt,1,1,1,1,1,1,0.2583,register_var,Track00016,23,mel_mel
features/Track00016_S03_p23_clean.pt,features/Track00016_S06_p23_reg20.pt,1,1,1,1,1,1,0.7637,register_var,Track00016,23,mel_mel
features/Track00016_S03_p23_clean.pt,features/Track00016_S06_p23_key21.pt,0,1,1,1,1,1,0.555,key,Track00016,23,mel_mel
features/Track00016_S06_p23_clean.pt,features/Track00016_p23_vertical22.pt,1,0,1,1,1,1,0.5963,vertical,Track00016,23,mel_mel
features/Track00016_S03_p23_clean.pt,features/Track00016_S06_p23_pitch_jitter23.pt,1,1,0,1,1,1,0.7038,pitch_jitter,Track00016,23,mel_mel
features/Track00016_S03_p23_clean.pt,features/Track00016_S06_p23_tempo24.pt,1,1,1,0,1,1,0.5668,tempo,Track00016,23,mel_mel
features/Track00016_S03_p23_clean.pt,features/Track00016_S06_p23_timing25.pt,1,1,1,1,0,1,0.5668,timing,Track00016,23,mel_mel
features/Track00016_S03_p23_clean.pt,features/Track00016_S06_p23_jitter26.pt,1,1,1,1,1,0,0.5668,jitter,Track00016,23,mel_mel
features/Track00016_S02_p23_clean.pt,features/Track00016_S03_p23_clean.pt,1,1,1,1,1,1,0.4697,positive,Track00016,23,mel_mel
features/Track00016_S02_p23_aug27.pt,features/Track00016_S03_p23_aug27.pt,1,1,1,1,1,1,0.5143,augmented,Track00016,23,mel_mel
features/Track00016_S02_p23_clean.pt,features/Track00016_S03_p23_reg28.pt,1,1,1,1,1,1,0.9604,register_var,Track00016,23,mel_mel
features/Track00016_S02_p23_clean.pt,features/Track00016_S03_p23_reg29.pt,1,1,1,1,1,1,0.1296,register_var,Track00016,23,mel_mel
features/Track00016_S02_p23_clean.pt,features/Track00016_S03_p23_key30.pt,0,1,1,1,1,1,0.4821,key,Track00016,23,mel_mel
features/Track00016_S02_p23_clean.pt,features/Track00016_p23_vertical31.pt,1,0,1,1,1,1,0.3411,vertical,Track00016,23,mel_mel
features/Track00016_S02_p23_clean.pt,features/Track00016_S03_p23_pitch_jitter32.pt,1,1,0,1,1,1,0.2966,pitch_jitter,Track00016,23,mel_mel
features/Track00016_S02_p23_clean.pt,features/Track00016_S03_p23_tempo33.pt,1,1,1,0,1,1,0.4697,tempo,Track00016,23,mel_mel
features/Track00016_S02_p23_clean.pt,features/Track00016_S03_p23_timing34.pt,1,1,1,1,0,1,0.4697,timing,Track00016,23,mel_mel
features/Track00016_S02_p23_clean.pt,features/Track00016_S03_p23_jitter35.pt,1,1,1,1,1,0,0.4697,jitter,Track00016,23,mel_mel
features/Track00016_S03_p23_clean.pt,features/Track00016_S04_p23_clean.pt,1,1,1,1,1,1,0.7475,positive,Track00016,23,mel_mel
features/Track00016_S03_p23_aug36.pt,features/Track00016_S04_p23_aug36.pt,1,1,1,1,1,1,0.6963,augmented,Track00016,23,mel_mel
features/Track00016_S03_p23_clean.pt,features/Track00016_S04_p23_reg37.pt,1,1,1,1,1,1,0.5573,register_var,Track00016,23,mel_mel
features/Track00016_S03_p23_clean.pt,features/Track00016_S04_p23_reg38.pt,1,1,1,1,1,1,0.2596,register_var,Track00016,23,mel_mel
features/Track00016_S03_p23_clean.pt,features/Track00016_S04_p23_key39.pt,0,1,1,1,1,1,0.6461,key,Track00016,23,mel_mel
features/Track00016_S03_p23_clean.pt,features/Track00016_p23_vertical40.pt,1,0,1,1,1,1,0.2876,vertical,Track00016,23,mel_mel
features/Track00016_S03_p23_clean.pt,features/Track00016_S04_p23_pitch_jitter41.pt,1,1,0,1,1,1,0.7127,pitch_jitter,Track00016,23,mel_mel
features/Track00016_S03_p23_clean.pt,features/Track00016_S04_p23_tempo42.pt,1,1,1,0,1,1,0.7475,tempo,Track00016,23,mel_mel
features/Track00016_S03_p23_clean.pt,features/Track00016_S04_p23_timing43.pt,1,1,1,1,0,1,0.7475,timing,Track00016,23,mel_mel
features/Track00016_S03_p23_clean.pt,features/Track00016_S04_p23_jitter44.pt,1,1,1,1,1,0,0.7475,jitter,Track00016,23,mel_mel
features/Track00008_S00_p3_clean.pt,features/Track00008_S06_p3_clean.pt,1,1,1,1,1,1,0.474,positive,Track00008,3,bass_main
features/Track00008_S00_p3_aug0.pt,features/Track00008_S06_p3_aug0.pt,1,1,1,1,1,1,0.4395,augmented,Track00008,3,bass_main
features/Track00008_S00_p3_clean.pt,features/Track00008_S06_p3_reg1.pt,1,1,1,1,1,1,0.963,register_var,Track00008,3,bass_main
features/Track00008_S00_p3_clean.pt,features/Track00008_S06_p3_reg2.pt,1,1,1,1,1,1,0.1715,register_var,Track00008,3,bass_main
features/Track00008_S00_p3_clean.pt,features/Track00008_S06_p3_key3.pt,0,1,1,1,1,1,0.2913,key,Track00008,3,bass_main
features/Track00008_S00_p3_clean.pt,features/Track00008_p3_vertical4.pt,1,0,1,1,1,1,0.1277,vertical,Track00008,3,bass_main
features/Track00008_S00_p3_clean.pt,features/Track00008_S06_p3_pitch_jitter5.pt,1,1,0,1,1,1,0.4933,pitch_jitter,Track00008,3,bass_main
features/Track00008_S00_p3_clean.pt,features/Track00008_S06_p3_tempo6.pt,1,1,1,0,1,1,0.474,tempo,Track00008,3,bass_main
features/Track00008_S00_p3_clean.pt,features/Track00008_S06_p3_timing7.pt,1,1,1,1,0,1,0.474,timing,Track00008,3,bass_main
features/Track00008_S00_p3_clean.pt,features/Track00008_S06_p3_jitter8.pt,1,1,1,1,1,0,0.474,jitter,Track00008,3,bass_main
features/Track00008_S02_p3_clean.pt,features/Track00008_S06_p3_clean.pt,1,1,1,1,1,1,0.704,positive,Track00008,3,mel_mel
features/Track00008_S02_p3_aug9.pt,features/Track00008_S06_p3_aug9.pt,1,1,1,1,1,1,0.7922,augmented,Track00008,3,mel_mel
features/Track00008_S02_p3_clean.pt,features/Track00008_S06_p3_reg10.pt,1,1,1,1,1,1,0.7859,register_var,Track00008,3,mel_mel
features/Track00008_S02_p3_clean.pt,features/Track00008_S06_p3_reg11.pt,1,1,1,1,1,1,0.3441,register_var,Track00008,3,mel_mel
features/Track00008_S02_p3_clean.pt,features/Track00008_S06_p3_key12.pt,0,1,1,1,1,1,0.7179,key,Track00008,3,mel_mel
features/Track00008_S02_p3_clean.pt,features/Track00008_p3_vertical13.pt,1,0,1,1,1,1,0.7926,vertical,Track00008,3,mel_mel
features/Track00008_S02_p3_clean.pt,features/Track00008_S06_p3_pitch_jitter14.pt,1,1,0,1,1,1,0.7453,pitch_jitter,Track00008,3,mel_mel
features/Track00008_S02_p3_clean.pt,features/Track00008_S06_p3_tempo15.pt,1,1,1,0,1,1,0.704,tempo,Track00008,3,mel_mel
features/Track00008_S02_p3_clean.pt,features/Track00008_S06_p3_timing16.pt,1,1,1,1,0,1,0.704,timing,Track00008,3,mel_mel
features/Track00008_S02_p3_clean.pt,features/Track00008_S06_p3_jitter17.pt,1,1,1,1,1,0,0.704,jitter,Track00008,3,mel_mel
features/Track00008_S05_p3_clean.pt,features/Track00008_S06_p3_clean.pt,1,1,1,1,1,1,0.706,positive,Track00008,3,mel_mel
features/Track00008_S05_p3_aug18.pt,features/Track00008_S06_p3_aug18.pt,1,1,1,1,1,1,0.8045,augmented,Track00008,3,mel_mel
features/Track00008_S05_p3_clean.pt,features/Track00008_S06_p3_reg19.pt,1,1,1,1,1,1,0.8206,register_var,Track00008,3,mel_mel
features/Track00008_S05_p3_clean.pt,features/Track00008_S06_p3_reg20.pt,1,1,1,1,1,1,0.2966,register_var,Track00008,3,mel_mel
features/Track00008_S05_p3_clean.pt,features/Track00008_S06_p3_key21.pt,0,1,1,1,1,1,0.707,key,Track00008,3,mel_mel
features/Track00008_S05_p3_clean.pt,features/Track00008_p3_vertical22.pt,1,0,1,1,1,1,0.7779,vertical,Track00008,3,mel_mel
features/Track00008_S05_p3_clean.pt,features/Track00008_S06_p3_pitch_jitter23.pt,1,1,0,1,1,1,0.7578,pitch_jitter,Track00008,3,mel_mel
features/Track00008_S05_p3_clean.pt,features/Track00008_S06_p3_tempo24.pt,1,1,1,0,1,1,0.706,tempo,Track00008,3,mel_mel
features/Track00008_S05_p3_clean.pt,features/Track00008_S06_p3_timing25.pt,1,1,1,1,0,1,0.706,timing,Track00008,3,mel_mel
features/Track00008_S05_p3_clean.pt,features/Track00008_S06_p3_jitter26.pt,1,1,1,1,1,0,0.706,jitter,Track00008,3,mel_mel
features/Track00008_S03_p3_clean.pt,features/Track00008_S06_p3_clean.pt,1,1,1,1,1,1,0.7634,positive,Track00008,3,mel_mel
features/Track00008_S03_p3_aug27.pt,features/Track00008_S06_p3_aug27.pt,1,1,1,1,1,1,0.7823,augmented,Track00008,3,mel_mel
features/Track00008_S03_p3_clean.pt,features/Track00008_S06_p3_reg28.pt,1,1,1,1,1,1,0.8598,register_var,Track00008,3,mel_mel
features/Track00008_S03_p3_clean.pt,features/Track00008_S06_p3_reg29.pt,1,1,1,1,1,1,0.3562,register_var,Track00008,3,mel_mel
features/Track00008_S03_p3_clean.pt,features/Track00008_S06_p3_key30.pt,0,1,1,1,1,1,0.7247,key,Track00008,3,mel_mel
features/Track00008_S03_p3_clean.pt,features/Track00008_p3_vertical31.pt,1,0,1,1,1,1,0.5286,vertical,Track00008,3,mel_mel
features/Track00008_S03_p3_clean.pt,features/Track00008_S06_p3_pitch_jitter32.pt,1,1,0,1,1,1,0.7246,pitch_jitter,Track00008,3,mel_mel
features/Track00008_S03_p3_clean.pt,features/Track00008_S06_p3_tempo33.pt,1,1,1,0,1,1,0.7634,tempo,Track00008,3,mel_mel
features/Track00008_S03_p3_clean.pt,features/Track00008_S06_p3_timing34.pt,1,1,1,1,0,1,0.7634,timing,Track00008,3,mel_mel
features/Track00008_S03_p3_clean.pt,features/Track00008_S06_p3_jitter35.pt,1,1,1,1,1,0,0.7634,jitter,Track00008,3,mel_mel
features/Track00008_S04_p3_clean.pt,features/Track00008_S06_p3_clean.pt,1,1,1,1,1,1,0.6679,positive,Track00008,3,mel_mel
features/Track00008_S04_p3_aug36.pt,features/Track00008_S06_p3_aug36.pt,1,1,1,1,1,1,0.7074,augmented,Track00008,3,mel_mel
features/Track00008_S04_p3_clean.pt,features/Track00008_S06_p3_reg37.pt,1,1,1,1,1,1,0.9021,register_var,Track00008,3,mel_mel
features/Track00008_S04_p3_clean.pt,features/Track00008_S06_p3_reg38.pt,1,1,1,1,1,1,0.267,register_var,Track00008,3,mel_mel
features/Track00008_S04_p3_clean.pt,features/Track00008_S06_p3_key39.pt,0,1,1,1,1,1,0.6275,key,Track00008,3,mel_mel
features/Track00008_S04_p3_clean.pt,features/Track00008_p3_vertical40.pt,1,0,1,1,1,1,0.5712,vertical,Track00008,3,mel_mel
features/Track00008_S04_p3_clean.pt,features/Track00008_S06_p3_pitch_jitter41.pt,1,1,0,1,1,1,0.6769,pitch_jitter,Track00008,3,mel_mel
features/Track00008_S04_p3_clean.pt,features/Track00008_S06_p3_tempo42.pt,1,1,1,0,1,1,0.6679,tempo,Track00008,3,mel_mel
features/Track00008_S04_p3_clean.pt,features/Track00008_S06_p3_timing43.pt,1,1,1,1,0,1,0.6679,timing,Track00008,3,mel_mel
features/Track00008_S04_p3_clean.pt,features/Track00008_S06_p3_jitter44.pt,1,1,1,1,1,0,0.6679,jitter,Track00008,3,mel_mel
features/Track00008_S00_p16_clean.pt,features/Track00008_S06_p16_clean.pt,1,1,1,1,1,1,0.373,positive,Track00008,16,bass_main
features/Track00008_S00_p16_aug45.pt,features/Track00008_S06_p16_aug45.pt,1,1,1,1,1,1,0.3439,augmented,Track00008,16,bass_main
features/Track00008_S00_p16_clean.pt,features/Track00008_S06_p16_reg46.pt,1,1,1,1,1,1,0.9201,register_var,Track00008,16,bass_main
features/Track00008_S00_p16_clean.pt,features/Track00008_S06_p16_reg47.pt,1,1,1,1,1,1,0.2008,register_var,Track00008,16,bass_main
features/Track00008_S00_p16_clean.pt,features/Track00008_S06_p16_key48.pt,0,1,1,1,1,1,0.3295,key,Track00008,16,bass_main
features/Track00008_S00_p16_clean.pt,features/Track00008_p16_vertical49.pt,1,0,1,1,1,1,0.3219,vertical,Track00008,16,bass_main
features/Track00008_S00_p16_clean.pt,features/Track00008_S06_p16_pitch_jitter50.pt,1,1,0,1,1,1,0.3334,pitch_jitter,Track00008,16,bass_main
features/Track00008_S00_p16_clean.pt,features/Track00008_S06_p16_tempo51.pt,1,1,1,0,1,1,0.373,tempo,Track00008,16,bass_main
features/Track00008_S00_p16_clean.pt,features/Track00008_S06_p16_timing52.pt,1,1,1,1,0,1,0.373,timing,Track00008,16,bass_main
features/Track00008_S00_p16_clean.pt,features/Track00008_S06_p16_jitter53.pt,1,1,1,1,1,0,0.373,jitter,Track00008,16,bass_main
features/Track00008_S03_p16_clean.pt,features/Track00008_S06_p16_clean.pt,1,1,1,1,1,1,0.3857,positive,Track00008,16,mel_mel
features/Track00008_S03_p16_aug54.pt,features/Track00008_S06_p16_aug54.pt,1,1,1,1,1,1,0.3674,augmented,Track00008,16,mel_mel
features/Track00008_S03_p16_clean.pt,features/Track00008_S06_p16_reg55.pt,1,1,1,1,1,1,0.8646,register_var,Track00008,16,mel_mel
features/Track00008_S03_p16_clean.pt,features/Track00008_S06_p16_reg56.pt,1,1,1,1,1,1,0.124,register_var,Track00008,16,mel_mel
features/Track00008_S03_p16_clean.pt,features/Track00008_S06_p16_key57.pt,0,1,1,1,1,1,0.3348,key,Track00008,16,mel_mel
features/Track00008_S03_p16_clean.pt,features/Track00008_p16_vertical58.pt,1,0,1,1,1,1,0.3327,vertical,Track00008,16,mel_mel
features/Track00008_S03_p16_clean.pt,features/Track00008_S06_p16_pitch_jitter59.pt,1,1,0,1,1,1,0.3336,pitch_jitter,Track00008,16,mel_mel
features/Track00008_S03_p16_clean.pt,features/Track00008_S06_p16_tempo60.pt,1,1,1,0,1,1,0.3857,tempo,Track00008,16,mel_mel
features/Track00008_S03_p16_clean.pt,features/Track00008_S06_p16_timing61.pt,1,1,1,1,0,1,0.3857,timing,Track00008,16,mel_mel
features/Track00008_S03_p16_clean.pt,features/Track00008_S06_p16_jitter62.pt,1,1,1,1,1,0,0.3857,jitter,Track00008,16,mel_mel
features/Track00008_S02_p16_clean.pt,features/Track00008_S06_p16_clean.pt,1,1,1,1,1,1,0.6544,positive,Track00008,16,mel_mel
features/Track00008_S02_p16_aug63.pt,features/Track00008_S06_p16_aug63.pt,1,1,1,1,1,1,0.5485,augmented,Track00008,16,mel_mel
features/Track00008_S02_p16_clean.pt,features/Track00008_S06_p16_reg64.pt,1,1,1,1,1,1,0.7226,register_var,Track00008,16,mel_mel
features/Track00008_S02_p16_clean.pt,features/Track00008_S06_p16_reg65.pt,1,1,1,1,1,1,0.3564,register_var,Track00008,16,mel_mel
features/Track00008_S02_p16_clean.pt,features/Track00008_S06_p16_key66.pt,0,1,1,1,1,1,0.5991,key,Track00008,16,mel_mel
features/Track00008_S02_p16_clean.pt,features/Track00008_p16_vertical67.pt,1,0,1,1,1,1,0.7057,vertical,Track00008,16,mel_mel
features/Track00008_S02_p16_clean.pt,features/Track00008_S06_p16_pitch_jitter68.pt,1,1,0,1,1,1,0.6533,pitch_jitter,Track00008,16,mel_mel
features/Track00008_S02_p16_clean.pt,features/Track00008_S06_p16_tempo69.pt,1,1,1,0,1,1,0.6544,tempo,Track00008,16,mel_mel
features/Track00008_S02_p16_clean.pt,features/Track00008_S06_p16_timing70.pt,1,1,1,1,0,1,0.6544,timing,Track00008,16,mel_mel
features/Track00008_S02_p16_clean.pt,features/Track00008_S06_p16_jitter71.pt,1,1,1,1,1,0,0.6544,jitter,Track00008,16,mel_mel
features/Track00008_S04_p16_clean.pt,features/Track00008_S06_p16_clean.pt,1,1,1,1,1,1,0.5411,positive,Track00008,16,mel_mel
features/Track00008_S04_p16_aug72.pt,features/Track00008_S06_p16_aug72.pt,1,1,1,1,1,1,0.3548,augmented,Track00008,16,mel_mel
features/Track00008_S04_p16_clean.pt,features/Track00008_S06_p16_reg73.pt,1,1,1,1,1,1,0.5593,register_var,Track00008,16,mel_mel
features/Track00008_S04_p16_clean.pt,features/Track00008_S06_p16_reg74.pt,1,1,1,1,1,1,0.242,register_var,Track00008,16,mel_mel
features/Track00008_S04_p16_clean.pt,features/Track00008_S06_p16_key75.pt,0,1,1,1,1,1,0.4375,key,Track00008,16,mel_mel
features/Track00008_S04_p16_clean.pt,features/Track00008_p16_vertical76.pt,1,0,1,1,1,1,0.6919,vertical,Track00008,16,mel_mel
features/Track00008_S04_p16_clean.pt,features/Track00008_S06_p16_pitch_jitter77.pt,1,1,0,1,1,1,0.5774,pitch_jitter,Track00008,16,mel_mel
features/Track00008_S04_p16_clean.pt,features/Track00008_S06_p16_tempo78.pt,1,1,1,0,1,1,0.5411,tempo,Track00008,16,mel_mel
features/Track00008_S04_p16_clean.pt,features/Track00008_S06_p16_timing79.pt,1,1,1,1,0,1,0.5411,timing,Track00008,16,mel_mel
features/Track00008_S04_p16_clean.pt,features/Track00008_S06_p16_jitter80.pt,1,1,1,1,1,0,0.5411,jitter,Track00008,16,mel_mel
features/Track00008_S05_p16_clean.pt,features/Track00008_S06_p16_clean.pt,1,1,1,1,1,1,0.6258,positive,Track00008,16,mel_mel
features/Track00008_S05_p16_aug81.pt,features/Track00008_S06_p16_aug81.pt,1,1,1,1,1,1,0.6355,augmented,Track00008,16,mel_mel
features/Track00008_S05_p16_clean.pt,features/Track00008_S06_p16_reg82.pt,1,1,1,1,1,1,0.8534,register_var,Track00008,16,mel_mel
features/Track00008_S05_p16_clean.pt,features/Track00008_S06_p16_reg83.pt,1,1,1,1,1,1,0.2018,register_var,Track00008,16,mel_mel
features/Track00008_S05_p16_clean.pt,features/Track00008_S06_p16_key84.pt,0,1,1,1,1,1,0.5948,key,Track00008,16,mel_mel
features/Track00008_S05_p16_clean.pt,features/Track00008_p16_vertical85.pt,1,0,1,1,1,1,0.6236,vertical,Track00008,16,mel_mel
features/Track00008_S05_p16_clean.pt,features/Track00008_S06_p16_pitch_jitter86.pt,1,1,0,1,1,1,0.6326,pitch_jitter,Track00008,16,mel_mel
features/Track00008_S05_p16_clean.pt,features/Track00008_S06_p16_tempo87.pt,1,1,1,0,1,1,0.6258,tempo,Track00008,16,mel_mel
features/Track00008_S05_p16_clean.pt,features/Track00008_S06_p16_timing88.pt,1,1,1,1,0,1,0.6258,timing,Track00008,16,mel_mel
features/Track00008_S05_p16_clean.pt,features/Track00008_S06_p16_jitter89.pt,1,1,1,1,1,0,0.6258,jitter,Track00008,16,mel_mel
features/Track00011_S01_p18_clean.pt,features/Track00011_S00_p18_clean.pt,1,1,1,1,1,1,0.156,positive,Track00011,18,bass_main
features/Track00011_S01_p18_aug0.pt,features/Track00011_S00_p18_aug0.pt,1,1,1,1,1,1,0.2709,augmented,Track00011,18,bass_main
features/Track00011_S01_p18_clean.pt,features/Track00011_S00_p18_reg1.pt,1,1,1,1,1,1,0.2945,register_var,Track00011,18,bass_main
features/Track00011_S01_p18_clean.pt,features/Track00011_S00_p18_reg2.pt,1,1,1,1,1,1,0.2826,register_var,Track00011,18,bass_main
features/Track00011_S01_p18_clean.pt,features/Track00011_S00_p18_key3.pt,0,1,1,1,1,1,0.1945,key,Track00011,18,bass_main
features/Track00011_S01_p18_clean.pt,features/Track00011_p18_vertical4.pt,1,0,1,1,1,1,0.1671,vertical,Track00011,18,bass_main
features/Track00011_S01_p18_clean.pt,features/Track00011_S00_p18_pitch_jitter5.pt,1,1,0,1,1,1,0.1874,pitch_jitter,Track00011,18,bass_main
features/Track00011_S01_p18_clean.pt,features/Track00011_S00_p18_tempo6.pt,1,1,1,0,1,1,0.156,tempo,Track00011,18,bass_main
features/Track00011_S01_p18_clean.pt,features/Track00011_S00_p18_timing7.pt,1,1,1,1,0,1,0.156,timing,Track00011,18,bass_main
features/Track00011_S01_p18_clean.pt,features/Track00011_S00_p18_jitter8.pt,1,1,1,1,1,0,0.156,jitter,Track00011,18,bass_main
features/Track00011_S00_p18_clean.pt,features/Track00011_S04_p18_clean.pt,1,1,1,1,1,1,0.6416,positive,Track00011,18,mel_mel
features/Track00011_S00_p18_aug9.pt,features/Track00011_S04_p18_aug9.pt,1,1,1,1,1,1,0.8135,augmented,Track00011,18,mel_mel
features/Track00011_S00_p18_clean.pt,features/Track00011_S04_p18_reg10.pt,1,1,1,1,1,1,0.2533,register_var,Track00011,18,mel_mel
features/Track00011_S00_p18_clean.pt,features/Track00011_S04_p18_reg11.pt,1,1,1,1,1,1,0.3681,register_var,Track00011,18,mel_mel
features/Track00011_S00_p18_clean.pt,features/Track00011_S04_p18_key12.pt,0,1,1,1,1,1,0.791,key,Track00011,18,mel_mel
features/Track00011_S04_p18_clean.pt,features/Track00011_p18_vertical13.pt,1,0,1,1,1,1,0.4429,vertical,Track00011,18,mel_mel
features/Track00011_S00_p18_clean.pt,features/Track00011_S04_p18_pitch_jitter14.pt,1,1,0,1,1,1,0.7902,pitch_jitter,Track00011,18,mel_mel
features/Track00011_S00_p18_clean.pt,features/Track00011_S04_p18_tempo15.pt,1,1,1,0,1,1,0.6416,tempo,Track00011,18,mel_mel
features/Track00011_S00_p18_clean.pt,features/Track00011_S04_p18_timing16.pt,1,1,1,1,0,1,0.6416,timing,Track00011,18,mel_mel
features/Track00011_S00_p18_clean.pt,features/Track00011_S04_p18_jitter17.pt,1,1,1,1,1,0,0.6416,jitter,Track00011,18,mel_mel
features/Track00011_S00_p18_clean.pt,features/Track00011_S02_p18_clean.pt,1,1,1,1,1,1,0.6722,positive,Track00011,18,mel_mel
features/Track00011_S00_p18_aug18.pt,features/Track00011_S02_p18_aug18.pt,1,1,1,1,1,1,0.8333,augmented,Track00011,18,mel_mel
features/Track00011_S00_p18_clean.pt,features/Track00011_S02_p18_reg19.pt,1,1,1,1,1,1,0.3649,register_var,Track00011,18,mel_mel
features/Track00011_S00_p18_clean.pt,features/Track00011_S02_p18_reg20.pt,1,1,1,1,1,1,0.3544,register_var,Track00011,18,mel_mel
features/Track00011_S00_p18_clean.pt,features/Track00011_S02_p18_key21.pt,0,1,1,1,1,1,0.6867,key,Track00011,18,mel_mel
features/Track00011_S00_p18_clean.pt,features/Track00011_p18_vertical22.pt,1,0,1,1,1,1,0.1039,vertical,Track00011,18,mel_mel
features/Track00011_S00_p18_clean.pt,features/Track00011_S02_p18_pitch_jitter23.pt,1,1,0,1,1,1,0.8471,pitch_jitter,Track00011,18,mel_mel
features/Track00011_S00_p18_clean.pt,features/Track00011_S02_p18_tempo24.pt,1,1,1,0,1,1,0.6722,tempo,Track00011,18,mel_mel
features/Track00011_S00_p18_clean.pt,features/Track00011_S02_p18_timing25.pt,1,1,1,1,0,1,0.6722,timing,Track00011,18,mel_mel
features/Track00011_S00_p18_clean.pt,features/Track00011_S02_p18_jitter26.pt,1,1,1,1,1,0,0.6722,jitter,Track00011,18,mel_mel
features/Track00011_S00_p18_clean.pt,features/Track00011_S03_p18_clean.pt,1,1,1,1,1,1,0.6416,positive,Track00011,18,mel_mel
features/Track00011_S00_p18_aug27.pt,features/Track00011_S03_p18_aug27.pt,1,1,1,1,1,1,0.8208,augmented,Track00011,18,mel_mel
features/Track00011_S00_p18_clean.pt,features/Track00011_S03_p18_reg28.pt,1,1,1,1,1,1,0.2533,register_var,Track00011,18,mel_mel
features/Track00011_S00_p18_clean.pt,features/Track00011_S03_p18_reg29.pt,1,1,1,1,1,1,0.3681,register_var,Track00011,18,mel_mel
features/Track00011_S00_p18_clean.pt,features/Track00011_S03_p18_key30.pt,0,1,1,1,1,1,0.8293,key,Track00011,18,mel_mel
features/Track00011_S03_p18_clean.pt,features/Track00011_p18_vertical31.pt,1,0,1,1,1,1,0.4429,vertical,Track00011,18,mel_mel
features/Track00011_S00_p18_clean.pt,features/Track00011_S03_p18_pitch_jitter32.pt,1,1,0,1,1,1,0.905,pitch_jitter,Track00011,18,mel_mel
features/Track00011_S00_p18_clean.pt,features/Track00011_S03_p18_tempo33.pt,1,1,1,0,1,1,0.6416,tempo,Track00011,18,mel_mel
features/Track00011_S00_p18_clean.pt,features/Track00011_S03_p18_timing34.pt,1,1,1,1,0,1,0.6416,timing,Track00011,18,mel_mel
features/Track00011_S00_p18_clean.pt,features/Track00011_S03_p18_jitter35.pt,1,1,1,1,1,0,0.6416,jitter,Track00011,18,mel_mel
features/Track00011_S01_p58_clean.pt,features/Track00011_S03_p58_clean.pt,1,1,1,1,1,1,0.7926,positive,Track00011,58,bass_main
features/Track00011_S01_p58_aug36.pt,features/Track00011_S03_p58_aug36.pt,1,1,1,1,1,1,0.8391,augmented,Track00011,58,bass_main
features/Track00011_S01_p58_clean.pt,features/Track00011_S03_p58_reg37.pt,1,1,1,1,1,1,0.9042,register_var,Track00011,58,bass_main
features/Track00011_S01_p58_clean.pt,features/Track00011_S03_p58_reg38.pt,1,1,1,1,1,1,0.3563,register_var,Track00011,58,bass_main
features/Track00011_S01_p58_clean.pt,features/Track00011_S03_p58_key39.pt,0,1,1,1,1,1,0.7719,key,Track00011,58,bass_main
features/Track00011_S01_p58_clean.pt,features/Track00011_p58_vertical40.pt,1,0,1,1,1,1,0.6756,vertical,Track00011,58,bass_main
features/Track00011_S01_p58_clean.pt,features/Track00011_S03_p58_pitch_jitter41.pt,1,1,0,1,1,1,0.8094,pitch_jitter,Track00011,58,bass_main
features/Track00011_S01_p58_clean.pt,features/Track00011_S03_p58_tempo42.pt,1,1,1,0,1,1,0.7926,tempo,Track00011,58,bass_main
features/Track00011_S01_p58_clean.pt,features/Track00011_S03_p58_timing43.pt,1,1,1,1,0,1,0.7926,timing,Track00011,58,bass_main
features/Track00011_S01_p58_clean.pt,features/Track00011_S03_p58_jitter44.pt,1,1,1,1,1,0,0.7926,jitter,Track00011,58,bass_main
features/Track00011_S03_p58_clean.pt,features/Track00011_S04_p58_clean.pt,1,1,1,1,1,1,1.0,positive,Track00011,58,mel_mel
features/Track00011_S03_p58_aug45.pt,features/Track00011_S04_p58_aug45.pt,1,1,1,1,1,1,1.0,augmented,Track00011,58,mel_mel
features/Track00011_S03_p58_clean.pt,features/Track00011_S04_p58_reg46.pt,1,1,1,1,1,1,0.6391,register_var,Track00011,58,mel_mel
features/Track00011_S03_p58_clean.pt,features/Track00011_S04_p58_reg47.pt,1,1,1,1,1,1,0.5793,register_var,Track00011,58,mel_mel
features/Track00011_S03_p58_clean.pt,features/Track00011_S04_p58_key48.pt,0,1,1,1,1,1,0.8046,key,Track00011,58,mel_mel
features/Track00011_S03_p58_clean.pt,features/Track00011_p58_vertical49.pt,1,0,1,1,1,1,0.5875,vertical,Track00011,58,mel_mel
features/Track00011_S03_p58_clean.pt,features/Track00011_S04_p58_pitch_jitter50.pt,1,1,0,1,1,1,0.8965,pitch_jitter,Track00011,58,mel_mel
features/Track00011_S03_p58_clean.pt,features/Track00011_S04_p58_tempo51.pt,1,1,1,0,1,1,1.0,tempo,Track00011,58,mel_mel
features/Track00011_S03_p58_clean.pt,features/Track00011_S04_p58_timing52.pt,1,1,1,1,0,1,1.0,timing,Track00011,58,mel_mel
features/Track00011_S03_p58_clean.pt,features/Track00011_S04_p58_jitter53.pt,1,1,1,1,1,0,1.0,jitter,Track00011,58,mel_mel
features/Track00011_S02_p58_clean.pt,features/Track00011_S04_p58_clean.pt,1,1,1,1,1,1,0.9575,positive,Track00011,58,mel_mel
features/Track00011_S02_p58_aug54.pt,features/Track00011_S04_p58_aug54.pt,1,1,1,1,1,1,0.9558,augmented,Track00011,58,mel_mel
features/Track00011_S02_p58_clean.pt,features/Track00011_S04_p58_reg55.pt,1,1,1,1,1,1,0.5693,register_var,Track00011,58,mel_mel
features/Track00011_S02_p58_clean.pt,features/Track00011_S04_p58_reg56.pt,1,1,1,1,1,1,0.7445,register_var,Track00011,58,mel_mel
features/Track00011_S02_p58_clean.pt,features/Track00011_S04_p58_key57.pt,0,1,1,1,1,1,0.8549,key,Track00011,58,mel_mel
features/Track00011_S04_p58_clean.pt,features/Track00011_p58_vertical58.pt,1,0,1,1,1,1,0.4661,vertical,Track00011,58,mel_mel
features/Track00011_S02_p58_clean.pt,features/Track00011_S04_p58_pitch_jitter59.pt,1,1,0,1,1,1,0.7983,pitch_jitter,Track00011,58,mel_mel
features/Track00011_S02_p58_clean.pt,features/Track00011_S04_p58_tempo60.pt,1,1,1,0,1,1,0.9575,tempo,Track00011,58,mel_mel
features/Track00011_S02_p58_clean.pt,features/Track00011_S04_p58_timing61.pt,1,1,1,1,0,1,0.9575,timing,Track00011,58,mel_mel
features/Track00011_S02_p58_clean.pt,features/Track00011_S04_p58_jitter62.pt,1,1,1,1,1,0,0.9575,jitter,Track00011,58,mel_mel
features/Track00011_S02_p58_clean.pt,features/Track00011_S03_p58_clean.pt,1,1,1,1,1,1,0.9575,positive,Track00011,58,mel_mel
features/Track00011_S02_p58_aug63.pt,features/Track00011_S03_p58_aug63.pt,1,1,1,1,1,1,0.9057,augmented,Track00011,58,mel_mel
features/Track00011_S02_p58_clean.pt,features/Track00011_S03_p58_reg64.pt,1,1,1,1,1,1,0.5693,register_var,Track00011,58,mel_mel
features/Track00011_S02_p58_clean.pt,features/Track00011_S03_p58_reg65.pt,1,1,1,1,1,1,0.7445,register_var,Track00011,58,mel_mel
features/Track00011_S02_p58_clean.pt,features/Track00011_S03_p58_key66.pt,0,1,1,1,1,1,0.7102,key,Track00011,58,mel_mel
features/Track00011_S03_p58_clean.pt,features/Track00011_p58_vertical67.pt,1,0,1,1,1,1,0.4661,vertical,Track00011,58,mel_mel
features/Track00011_S02_p58_clean.pt,features/Track00011_S03_p58_pitch_jitter68.pt,1,1,0,1,1,1,0.836,pitch_jitter,Track00011,58,mel_mel
features/Track00011_S02_p58_clean.pt,features/Track00011_S03_p58_tempo69.pt,1,1,1,0,1,1,0.9575,tempo,Track00011,58,mel_mel
features/Track00011_S02_p58_clean.pt,features/Track00011_S03_p58_timing70.pt,1,1,1,1,0,1,0.9575,timing,Track00011,58,mel_mel
features/Track00011_S02_p58_clean.pt,features/Track00011_S03_p58_jitter71.pt,1,1,1,1,1,0,0.9575,jitter,Track00011,58,mel_mel
features/Track00017_S03_p13_clean.pt,features/Track00017_S06_p13_clean.pt,1,1,1,1,1,1,0.368,positive,Track00017,13,mel_mel
features/Track00017_S03_p13_aug0.pt,features/Track00017_S06_p13_aug0.pt,1,1,1,1,1,1,0.4331,augmented,Track00017,13,mel_mel
features/Track00017_S03_p13_clean.pt,features/Track00017_S06_p13_reg1.pt,1,1,1,1,1,1,0.1944,register_var,Track00017,13,mel_mel
features/Track00017_S03_p13_clean.pt,features/Track00017_S06_p13_reg2.pt,1,1,1,1,1,1,0.8884,register_var,Track00017,13,mel_mel
features/Track00017_S03_p13_clean.pt,features/Track00017_S06_p13_key3.pt,0,1,1,1,1,1,0.368,key,Track00017,13,mel_mel
features/Track00017_S06_p13_clean.pt,features/Track00017_p13_vertical4.pt,1,0,1,1,1,1,0.4412,vertical,Track00017,13,mel_mel
features/Track00017_S03_p13_clean.pt,features/Track00017_S06_p13_pitch_jitter5.pt,1,1,0,1,1,1,0.5432,pitch_jitter,Track00017,13,mel_mel
features/Track00017_S03_p13_clean.pt,features/Track00017_S06_p13_tempo6.pt,1,1,1,0,1,1,0.368,tempo,Track00017,13,mel_mel
features/Track00017_S03_p13_clean.pt,features/Track00017_S06_p13_timing7.pt,1,1,1,1,0,1,0.368,timing,Track00017,13,mel_mel
features/Track00017_S03_p13_clean.pt,features/Track00017_S06_p13_jitter8.pt,1,1,1,1,1,0,0.368,jitter,Track00017,13,mel_mel
features/Track00017_S01_p13_clean.pt,features/Track00017_S03_p13_clean.pt,1,1,1,1,1,1,0.461,positive,Track00017,13,mel_mel
features/Track00017_S01_p13_aug9.pt,features/Track00017_S03_p13_aug9.pt,1,1,1,1,1,1,0.4061,augmented,Track00017,13,mel_mel
features/Track00017_S01_p13_clean.pt,features/Track00017_S03_p13_reg10.pt,1,1,1,1,1,1,0.1446,register_var,Track00017,13,mel_mel
features/Track00017_S01_p13_clean.pt,features/Track00017_S03_p13_reg11.pt,1,1,1,1,1,1,0.7827,register_var,Track00017,13,mel_mel
features/Track00017_S01_p13_clean.pt,features/Track00017_S03_p13_key12.pt,0,1,1,1,1,1,0.2991,key,Track00017,13,mel_mel
features/Track00017_S03_p13_clean.pt,features/Track00017_p13_vertical13.pt,1,0,1,1,1,1,0.2955,vertical,Track00017,13,mel_mel
features/Track00017_S01_p13_clean.pt,features/Track00017_S03_p13_pitch_jitter14.pt,1,1,0,1,1,1,0.3989,pitch_jitter,Track00017,13,mel_mel
features/Track00017_S01_p13_clean.pt,features/Track00017_S03_p13_tempo15.pt,1,1,1,0,1,1,0.461,tempo,Track00017,13,mel_mel
features/Track00017_S01_p13_clean.pt,features/Track00017_S03_p13_timing16.pt,1,1,1,1,0,1,0.461,timing,Track00017,13,mel_mel
features/Track00017_S01_p13_clean.pt,features/Track00017_S03_p13_jitter17.pt,1,1,1,1,1,0,0.461,jitter,Track00017,13,mel_mel
features/Track00017_S01_p13_clean.pt,features/Track00017_S02_p13_clean.pt,1,1,1,1,1,1,0.9998,positive,Track00017,13,mel_mel
features/Track00017_S01_p13_aug18.pt,features/Track00017_S02_p13_aug18.pt,1,1,1,1,1,1,0.9994,augmented,Track00017,13,mel_mel
features/Track00017_S01_p13_clean.pt,features/Track00017_S02_p13_reg19.pt,1,1,1,1,1,1,0.5006,register_var,Track00017,13,mel_mel
features/Track00017_S01_p13_clean.pt,features/Track00017_S02_p13_reg20.pt,1,1,1,1,1,1,0.4653,register_var,Track00017,13,mel_mel
features/Track00017_S01_p13_clean.pt,features/Track00017_S02_p13_key21.pt,0,1,1,1,1,1,0.834,key,Track00017,13,mel_mel
features/Track00017_S01_p13_clean.pt,features/Track00017_p13_vertical22.pt,1,0,1,1,1,1,0.4419,vertical,Track00017,13,mel_mel
features/Track00017_S01_p13_clean.pt,features/Track00017_S02_p13_pitch_jitter23.pt,1,1,0,1,1,1,0.8315,pitch_jitter,Track00017,13,mel_mel
features/Track00017_S01_p13_clean.pt,features/Track00017_S02_p13_tempo24.pt,1,1,1,0,1,1,0.9998,tempo,Track00017,13,mel_mel
features/Track00017_S01_p13_clean.pt,features/Track00017_S02_p13_timing25.pt,1,1,1,1,0,1,0.9998,timing,Track00017,13,mel_mel
features/Track00017_S01_p13_clean.pt,features/Track00017_S02_p13_jitter26.pt,1,1,1,1,1,0,0.9998,jitter,Track00017,13,mel_mel
features/Track00017_S03_p13_clean.pt,features/Track00017_S07_p13_clean.pt,1,1,1,1,1,1,0.4902,positive,Track00017,13,mel_mel
features/Track00017_S03_p13_aug27.pt,features/Track00017_S07_p13_aug27.pt,1,1,1,1,1,1,0.4949,augmented,Track00017,13,mel_mel
features/Track00017_S03_p13_clean.pt,features/Track00017_S07_p13_reg28.pt,1,1,1,1,1,1,0.9832,register_var,Track00017,13,mel_mel
features/Track00017_S03_p13_clean.pt,features/Track00017_S07_p13_reg29.pt,1,1,1,1,1,1,0.1925,register_var,Track00017,13,mel_mel
features/Track00017_S03_p13_clean.pt,features/Track00017_S07_p13_key30.pt,0,1,1,1,1,1,0.4639,key,Track00017,13,mel_mel
features/Track00017_S03_p13_clean.pt,features/Track00017_p13_vertical31.pt,1,0,1,1,1,1,0.3234,vertical,Track00017,13,mel_mel
features/Track00017_S03_p13_clean.pt,features/Track00017_S07_p13_pitch_jitter32.pt,1,1,0,1,1,1,0.4454,pitch_jitter,Track00017,13,mel_mel
features/Track00017_S03_p13_clean.pt,features/Track00017_S07_p13_tempo33.pt,1,1,1,0,1,1,0.4902,tempo,Track00017,13,mel_mel
features/Track00017_S03_p13_clean.pt,features/Track00017_S07_p13_timing34.pt,1,1,1,1,0,1,0.4902,timing,Track00017,13,mel_mel
features/Track00017_S03_p13_clean.pt,features/Track00017_S07_p13_jitter35.pt,1,1,1,1,1,0,0.4902,jitter,Track00017,13,mel_mel
features/Track00017_S02_p33_clean.pt,features/Track00017_S03_p33_clean.pt,1,1,1,1,1,1,0.4991,positive,Track00017,33,mel_mel
features/Track00017_S02_p33_aug36.pt,features/Track00017_S03_p33_aug36.pt,1,1,1,1,1,1,0.5371,augmented,Track00017,33,mel_mel
features/Track00017_S02_p33_clean.pt,features/Track00017_S03_p33_reg37.pt,1,1,1,1,1,1,0.2037,register_var,Track00017,33,mel_mel
features/Track00017_S02_p33_clean.pt,features/Track00017_S03_p33_reg38.pt,1,1,1,1,1,1,0.919,register_var,Track00017,33,mel_mel
features/Track00017_S02_p33_clean.pt,features/Track00017_S03_p33_key39.pt,0,1,1,1,1,1,0.4461,key,Track00017,33,mel_mel
features/Track00017_S03_p33_clean.pt,features/Track00017_p33_vertical40.pt,1,0,1,1,1,1,0.3413,vertical,Track00017,33,mel_mel
features/Track00017_S02_p33_clean.pt,features/Track00017_S03_p33_pitch_jitter41.pt,1,1,0,1,1,1,0.4935,pitch_jitter,Track00017,33,mel_mel
features/Track00017_S02_p33_clean.pt,features/Track00017_S03_p33_tempo42.pt,1,1,1,0,1,1,0.4991,tempo,Track00017,33,mel_mel
features/Track00017_S02_p33_clean.pt,features/Track00017_S03_p33_timing43.pt,1,1,1,1,0,1,0.4991,timing,Track00017,33,mel_mel
features/Track00017_S02_p33_clean.pt,features/Track00017_S03_p33_jitter44.pt,1,1,1,1,1,0,0.4991,jitter,Track00017,33,mel_mel
features/Track00017_S01_p33_clean.pt,features/Track00017_S06_p33_clean.pt,1,1,1,1,1,1,0.1203,positive,Track00017,33,mel_mel
features/Track00017_S01_p33_aug45.pt,features/Track00017_S06_p33_aug45.pt,1,1,1,1,1,1,0.1026,augmented,Track00017,33,mel_mel
features/Track00017_S01_p33_clean.pt,features/Track00017_S06_p33_reg46.pt,1,1,1,1,1,1,0.0,register_var,Track00017,33,mel_mel
features/Track00017_S01_p33_clean.pt,features/Track00017_S06_p33_reg47.pt,1,1,1,1,1,1,0.2738,register_var,Track00017,33,mel_mel
features/Track00017_S01_p33_clean.pt,features/Track00017_S06_p33_key48.pt,0,1,1,1,1,1,0.0461,key,Track00017,33,mel_mel
features/Track00017_S06_p33_clean.pt,features/Track00017_p33_vertical49.pt,1,0,1,1,1,1,0.1077,vertical,Track00017,33,mel_mel
features/Track00017_S01_p33_clean.pt,features/Track00017_S06_p33_pitch_jitter50.pt,1,1,0,1,1,1,0.0976,pitch_jitter,Track00017,33,mel_mel
features/Track00017_S01_p33_clean.pt,features/Track00017_S06_p33_tempo51.pt,1,1,1,0,1,1,0.1203,tempo,Track00017,33,mel_mel
features/Track00017_S01_p33_clean.pt,features/Track00017_S06_p33_timing52.pt,1,1,1,1,0,1,0.1203,timing,Track00017,33,mel_mel
features/Track00017_S01_p33_clean.pt,features/Track00017_S06_p33_jitter53.pt,1,1,1,1,1,0,0.1203,jitter,Track00017,33,mel_mel
features/Track00017_S03_p33_clean.pt,features/Track00017_S06_p33_clean.pt,1,1,1,1,1,1,0.4472,positive,Track00017,33,mel_mel
features/Track00017_S03_p33_aug54.pt,features/Track00017_S06_p33_aug54.pt,1,1,1,1,1,1,0.4391,augmented,Track00017,33,mel_mel
features/Track00017_S03_p33_clean.pt,features/Track00017_S06_p33_reg55.pt,1,1,1,1,1,1,0.1937,register_var,Track00017,33,mel_mel
features/Track00017_S03_p33_clean.pt,features/Track00017_S06_p33_reg56.pt,1,1,1,1,1,1,0.747,register_var,Track00017,33,mel_mel
features/Track00017_S03_p33_clean.pt,features/Track00017_S06_p33_key57.pt,0,1,1,1,1,1,0.4831,key,Track00017,33,mel_mel
features/Track00017_S06_p33_clean.pt,features/Track00017_p33_vertical58.pt,1,0,1,1,1,1,0.5622,vertical,Track00017,33,mel_mel
features/Track00017_S03_p33_clean.pt,features/Track00017_S06_p33_pitch_jitter59.pt,1,1,0,1,1,1,0.4901,pitch_jitter,Track00017,33,mel_mel
features/Track00017_S03_p33_clean.pt,features/Track00017_S06_p33_tempo60.pt,1,1,1,0,1,1,0.4472,tempo,Track00017,33,mel_mel
features/Track00017_S03_p33_clean.pt,features/Track00017_S06_p33_timing61.pt,1,1,1,1,0,1,0.4472,timing,Track00017,33,mel_mel
features/Track00017_S03_p33_clean.pt,features/Track00017_S06_p33_jitter62.pt,1,1,1,1,1,0,0.4472,jitter,Track00017,33,mel_mel
features/Track00017_S01_p33_clean.pt,features/Track00017_S03_p33_clean.pt,1,1,1,1,1,1,0.5045,positive,Track00017,33,mel_mel
features/Track00017_S01_p33_aug63.pt,features/Track00017_S03_p33_aug63.pt,1,1,1,1,1,1,0.5204,augmented,Track00017,33,mel_mel
features/Track00017_S01_p33_clean.pt,features/Track00017_S03_p33_reg64.pt,1,1,1,1,1,1,0.206,register_var,Track00017,33,mel_mel
features/Track00017_S01_p33_clean.pt,features/Track00017_S03_p33_reg65.pt,1,1,1,1,1,1,0.9116,register_var,Track00017,33,mel_mel
features/Track00017_S01_p33_clean.pt,features/Track00017_S03_p33_key66.pt,0,1,1,1,1,1,0.2829,key,Track00017,33,mel_mel
features/Track00017_S03_p33_clean.pt,features/Track00017_p33_vertical67.pt,1,0,1,1,1,1,0.3689,vertical,Track00017,33,mel_mel
features/Track00017_S01_p33_clean.pt,features/Track00017_S03_p33_pitch_jitter68.pt,1,1,0,1,1,1,0.3912,pitch_jitter,Track00017,33,mel_mel
features/Track00017_S01_p33_clean.pt,features/Track00017_S03_p33_tempo69.pt,1,1,1,0,1,1,0.5045,tempo,Track00017,33,mel_mel
features/Track00017_S01_p33_clean.pt,features/Track00017_S03_p33_timing70.pt,1,1,1,1,0,1,0.5045,timing,Track00017,33,mel_mel
features/Track00017_S01_p33_clean.pt,features/Track00017_S03_p33_jitter71.pt,1,1,1,1,1,0,0.5045,jitter,Track00017,33,mel_mel
features/Track00020_S01_p8_clean.pt,features/Track00020_S05_p8_clean.pt,1,1,1,1,1,1,0.0,positive,Track00020,8,bass_main
features/Track00020_S01_p8_aug0.pt,features/Track00020_S05_p8_aug0.pt,1,1,1,1,1,1,0.0,augmented,Track00020,8,bass_main
features/Track00020_S01_p8_clean.pt,features/Track00020_S05_p8_reg1.pt,1,1,1,1,1,1,0.3193,register_var,Track00020,8,bass_main
features/Track00020_S01_p8_clean.pt,features/Track00020_S05_p8_reg2.pt,1,1,1,1,1,1,0.0,register_var,Track00020,8,bass_main
features/Track00020_S01_p8_clean.pt,features/Track00020_S05_p8_key3.pt,0,1,1,1,1,1,0.0665,key,Track00020,8,bass_main
features/Track00020_S01_p8_clean.pt,features/Track00020_p8_vertical4.pt,1,0,1,1,1,1,0.0,vertical,Track00020,8,bass_main
features/Track00020_S01_p8_clean.pt,features/Track00020_S05_p8_pitch_jitter5.pt,1,1,0,1,1,1,0.0673,pitch_jitter,Track00020,8,bass_main
features/Track00020_S01_p8_clean.pt,features/Track00020_S05_p8_tempo6.pt,1,1,1,0,1,1,0.0,tempo,Track00020,8,bass_main
features/Track00020_S01_p8_clean.pt,features/Track00020_S05_p8_timing7.pt,1,1,1,1,0,1,0.0,timing,Track00020,8,bass_main
features/Track00020_S01_p8_clean.pt,features/Track00020_S05_p8_jitter8.pt,1,1,1,1,1,0,0.0,jitter,Track00020,8,bass_main
features/Track00020_S05_p8_clean.pt,features/Track00020_S07_p8_clean.pt,1,1,1,1,1,1,0.3342,positive,Track00020,8,mel_mel
features/Track00020_S05_p8_aug9.pt,features/Track00020_S07_p8_aug9.pt,1,1,1,1,1,1,0.2941,augmented,Track00020,8,mel_mel
features/Track00020_S05_p8_clean.pt,features/Track00020_S07_p8_reg10.pt,1,1,1,1,1,1,0.1249,register_var,Track00020,8,mel_mel
features/Track00020_S05_p8_clean.pt,features/Track00020_S07_p8_reg11.pt,1,1,1,1,1,1,0.7338,register_var,Track00020,8,mel_mel
features/Track00020_S05_p8_clean.pt,features/Track00020_S07_p8_key12.pt,0,1,1,1,1,1,0.0887,key,Track00020,8,mel_mel
features/Track00020_S07_p8_clean.pt,features/Track00020_p8_vertical13.pt,1,0,1,1,1,1,0.3344,vertical,Track00020,8,mel_mel
features/Track00020_S05_p8_clean.pt,features/Track00020_S07_p8_pitch_jitter14.pt,1,1,0,1,1,1,0.0994,pitch_jitter,Track00020,8,mel_mel
features/Track00020_S05_p8_clean.pt,features/Track00020_S07_p8_tempo15.pt,1,1,1,0,1,1,0.3342,tempo,Track00020,8,mel_mel
features/Track00020_S05_p8_clean.pt,features/Track00020_S07_p8_timing16.pt,1,1,1,1,0,1,0.3342,timing,Track00020,8,mel_mel
features/Track00020_S05_p8_clean.pt,features/Track00020_S07_p8_jitter17.pt,1,1,1,1,1,0,0.3342,jitter,Track00020,8,mel_mel
features/Track00020_S03_p8_clean.pt,features/Track00020_S05_p8_clean.pt,1,1,1,1,1,1,0.2206,positive,Track00020,8,mel_mel
features/Track00020_S03_p8_aug18.pt,features/Track00020_S05_p8_aug18.pt,1,1,1,1,1,1,0.2342,augmented,Track00020,8,mel_mel
features/Track00020_S03_p8_clean.pt,features/Track00020_S05_p8_reg19.pt,1,1,1,1,1,1,0.3445,register_var,Track00020,8,mel_mel
features/Track00020_S03_p8_clean.pt,features/Track00020_S05_p8_reg20.pt,1,1,1,1,1,1,0.0914,register_var,Track00020,8,mel_mel
features/Track00020_S03_p8_clean.pt,features/Track00020_S05_p8_key21.pt,0,1,1,1,1,1,0.0588,key,Track00020,8,mel_mel
features/Track00020_S03_p8_clean.pt,features/Track00020_p8_vertical22.pt,1,0,1,1,1,1,0.2535,vertical,Track00020,8,mel_mel
features/Track00020_S03_p8_clean.pt,features/Track00020_S05_p8_pitch_jitter23.pt,1,1,0,1,1,1,0.2378,pitch_jitter,Track00020,8,mel_mel
features/Track00020_S03_p8_clean.pt,features/Track00020_S05_p8_tempo24.pt,1,1,1,0,1,1,0.2206,tempo,Track00020,8,mel_mel
features/Track00020_S03_p8_clean.pt,features/Track00020_S05_p8_timing25.pt,1,1,1,1,0,1,0.2206,timing,Track00020,8,mel_mel
features/Track00020_S03_p8_clean.pt,features/Track00020_S05_p8_jitter26.pt,1,1,1,1,1,0,0.2206,jitter,Track00020,8,mel_mel
features/Track00020_S05_p8_clean.pt,features/Track00020_S06_p8_clean.pt,1,1,1,1,1,1,0.1632,positive,Track00020,8,mel_mel
features/Track00020_S05_p8_aug27.pt,features/Track00020_S06_p8_aug27.pt,1,1,1,1,1,1,0.2093,augmented,Track00020,8,mel_mel
features/Track00020_S05_p8_clean.pt,features/Track00020_S06_p8_reg28.pt,1,1,1,1,1,1,0.0555,register_var,Track00020,8,mel_mel
features/Track00020_S05_p8_clean.pt,features/Track00020_S06_p8_reg29.pt,1,1,1,1,1,1,0.4543,register_var,Track00020,8,mel_mel
features/Track00020_S05_p8_clean.pt,features/Track00020_S06_p8_key30.pt,0,1,1,1,1,1,0.2117,key,Track00020,8,mel_mel
features/Track00020_S06_p8_clean.pt,features/Track00020_p8_vertical31.pt,1,0,1,1,1,1,0.2012,vertical,Track00020,8,mel_mel
features/Track00020_S05_p8_clean.pt,features/Track00020_S06_p8_pitch_jitter32.pt,1,1,0,1,1,1,0.1533,pitch_jitter,Track00020,8,mel_mel
features/Track00020_S05_p8_clean.pt,features/Track00020_S06_p8_tempo33.pt,1,1,1,0,1,1,0.1632,tempo,Track00020,8,mel_mel
features/Track00020_S05_p8_clean.pt,features/Track00020_S06_p8_timing34.pt,1,1,1,1,0,1,0.1632,timing,Track00020,8,mel_mel
features/Track00020_S05_p8_clean.pt,features/Track00020_S06_p8_jitter35.pt,1,1,1,1,1,0,0.1632,jitter,Track00020,8,mel_mel
features/Track00020_S06_p73_clean.pt,features/Track00020_S08_p73_clean.pt,1,1,1,1,1,1,0.311,positive,Track00020,73,mel_mel
features/Track00020_S06_p73_aug36.pt,features/Track00020_S08_p73_aug36.pt,1,1,1,1,1,1,0.324,augmented,Track00020,73,mel_mel
features/Track00020_S06_p73_clean.pt,features/Track00020_S08_p73_reg37.pt,1,1,1,1,1,1,0.6425,register_var,Track00020,73,mel_mel
features/Track00020_S06_p73_clean.pt,features/Track00020_S08_p73_reg38.pt,1,1,1,1,1,1,0.0839,register_var,Track00020,73,mel_mel
features/Track00020_S06_p73_clean.pt,features/Track00020_S08_p73_key39.pt,0,1,1,1,1,1,0.1832,key,Track00020,73,mel_mel
features/Track00020_S06_p73_clean.pt,features/Track00020_p73_vertical40.pt,1,0,1,1,1,1,0.169,vertical,Track00020,73,mel_mel
features/Track00020_S06_p73_clean.pt,features/Track00020_S08_p73_pitch_jitter41.pt,1,1,0,1,1,1,0.3145,pitch_jitter,Track00020,73,mel_mel
features/Track00020_S06_p73_clean.pt,features/Track00020_S08_p73_tempo42.pt,1,1,1,0,1,1,0.311,tempo,Track00020,73,mel_mel
features/Track00020_S06_p73_clean.pt,features/Track00020_S08_p73_timing43.pt,1,1,1,1,0,1,0.311,timing,Track00020,73,mel_mel
features/Track00020_S06_p73_clean.pt,features/Track00020_S08_p73_jitter44.pt,1,1,1,1,1,0,0.311,jitter,Track00020,73,mel_mel
features/Track00019_S00_p14_clean.pt,features/Track00019_S03_p14_clean.pt,1,1,1,1,1,1,0.6154,positive,Track00019,14,mel_mel
features/Track00019_S00_p14_aug0.pt,features/Track00019_S03_p14_aug0.pt,1,1,1,1,1,1,0.8467,augmented,Track00019,14,mel_mel
features/Track00019_S00_p14_clean.pt,features/Track00019_S03_p14_reg1.pt,1,1,1,1,1,1,0.8717,register_var,Track00019,14,mel_mel
features/Track00019_S00_p14_clean.pt,features/Track00019_S03_p14_reg2.pt,1,1,1,1,1,1,0.2107,register_var,Track00019,14,mel_mel
features/Track00019_S00_p14_clean.pt,features/Track00019_S03_p14_key3.pt,0,1,1,1,1,1,0.7946,key,Track00019,14,mel_mel
features/Track00019_S00_p14_clean.pt,features/Track00019_p14_vertical4.pt,1,0,1,1,1,1,0.5614,vertical,Track00019,14,mel_mel
features/Track00019_S00_p14_clean.pt,features/Track00019_S03_p14_pitch_jitter5.pt,1,1,0,1,1,1,0.8075,pitch_jitter,Track00019,14,mel_mel
features/Track00019_S00_p14_clean.pt,features/Track00019_S03_p14_tempo6.pt,1,1,1,0,1,1,0.6154,tempo,Track00019,14,mel_mel
features/Track00019_S00_p14_clean.pt,features/Track00019_S03_p14_timing7.pt,1,1,1,1,0,1,0.6154,timing,Track00019,14,mel_mel
features/Track00019_S00_p14_clean.pt,features/Track00019_S03_p14_jitter8.pt,1,1,1,1,1,0,0.6154,jitter,Track00019,14,mel_mel
features/Track00019_S04_p14_clean.pt,features/Track00019_S09_p14_clean.pt,1,1,1,1,1,1,0.2081,positive,Track00019,14,mel_mel
features/Track00019_S04_p14_aug9.pt,features/Track00019_S09_p14_aug9.pt,1,1,1,1,1,1,0.2797,augmented,Track00019,14,mel_mel
features/Track00019_S04_p14_clean.pt,features/Track00019_S09_p14_reg10.pt,1,1,1,1,1,1,0.0285,register_var,Track00019,14,mel_mel
features/Track00019_S04_p14_clean.pt,features/Track00019_S09_p14_reg11.pt,1,1,1,1,1,1,0.5156,register_var,Track00019,14,mel_mel
features/Track00019_S04_p14_clean.pt,features/Track00019_S09_p14_key12.pt,0,1,1,1,1,1,0.3033,key,Track00019,14,mel_mel
features/Track00019_S09_p14_clean.pt,features/Track00019_p14_vertical13.pt,1,0,1,1,1,1,0.1861,vertical,Track00019,14,mel_mel
features/Track00019_S04_p14_clean.pt,features/Track00019_S09_p14_pitch_jitter14.pt,1,1,0,1,1,1,0.2448,pitch_jitter,Track00019,14,mel_mel
features/Track00019_S04_p14_clean.pt,features/Track00019_S09_p14_tempo15.pt,1,1,1,0,1,1,0.2081,tempo,Track00019,14,mel_mel
features/Track00019_S04_p14_clean.pt,features/Track00019_S09_p14_timing16.pt,1,1,1,1,0,1,0.2081,timing,Track00019,14,mel_mel
features/Track00019_S04_p14_clean.pt,features/Track00019_S09_p14_jitter17.pt,1,1,1,1,1,0,0.2081,jitter,Track00019,14,mel_mel
features/Track00019_S03_p14_clean.pt,features/Track00019_S04_p14_clean.pt,1,1,1,1,1,1,0.4168,positive,Track00019,14,mel_mel
features/Track00019_S03_p14_aug18.pt,features/Track00019_S04_p14_aug18.pt,1,1,1,1,1,1,0.5086,augmented,Track00019,14,mel_mel
features/Track00019_S03_p14_clean.pt,features/Track00019_S04_p14_reg19.pt,1,1,1,1,1,1,0.9645,register_var,Track00019,14,mel_mel
features/Track00019_S03_p14_clean.pt,features/Track00019_S04_p14_reg20.pt,1,1,1,1,1,1,0.174,register_var,Track00019,14,mel_mel
features/Track00019_S03_p14_clean.pt,features/Track00019_S04_p14_key21.pt,0,1,1,1,1,1,0.4469,key,Track00019,14,mel_mel
features/Track00019_S03_p14_clean.pt,features/Track00019_p14_vertical22.pt,1,0,1,1,1,1,0.393,vertical,Track00019,14,mel_mel
features/Track00019_S03_p14_clean.pt,features/Track00019_S04_p14_pitch_jitter23.pt,1,1,0,1,1,1,0.4206,pitch_jitter,Track00019,14,mel_mel
features/Track00019_S03_p14_clean.pt,features/Track00019_S04_p14_tempo24.pt,1,1,1,0,1,1,0.4168,tempo,Track00019,14,mel_mel
features/Track00019_S03_p14_clean.pt,features/Track00019_S04_p14_timing25.pt,1,1,1,1,0,1,0.4168,timing,Track00019,14,mel_mel
features/Track00019_S03_p14_clean.pt,features/Track00019_S04_p14_jitter26.pt,1,1,1,1,1,0,0.4168,jitter,Track00019,14,mel_mel
features/Track00019_S00_p14_clean.pt,features/Track00019_S04_p14_clean.pt,1,1,1,1,1,1,0.23,positive,Track00019,14,mel_mel
features/Track00019_S00_p14_aug27.pt,features/Track00019_S04_p14_aug27.pt,1,1,1,1,1,1,0.2854,augmented,Track00019,14,mel_mel
features/Track00019_S00_p14_clean.pt,features/Track00019_S04_p14_reg28.pt,1,1,1,1,1,1,0.6118,register_var,Track00019,14,mel_mel
features/Track00019_S00_p14_clean.pt,features/Track00019_S04_p14_reg29.pt,1,1,1,1,1,1,0.034,register_var,Track00019,14,mel_mel
features/Track00019_S00_p14_clean.pt,features/Track00019_S04_p14_key30.pt,0,1,1,1,1,1,0.222,key,Track00019,14,mel_mel
features/Track00019_S00_p14_clean.pt,features/Track00019_p14_vertical31.pt,1,0,1,1,1,1,0.2126,vertical,Track00019,14,mel_mel
features/Track00019_S00_p14_clean.pt,features/Track00019_S04_p14_pitch_jitter32.pt,1,1,0,1,1,1,0.2447,pitch_jitter,Track00019,14,mel_mel
features/Track00019_S00_p14_clean.pt,features/Track00019_S04_p14_tempo33.pt,1,1,1,0,1,1,0.23,tempo,Track00019,14,mel_mel
features/Track00019_S00_p14_clean.pt,features/Track00019_S04_p14_timing34.pt,1,1,1,1,0,1,0.23,timing,Track00019,14,mel_mel
features/Track00019_S00_p14_clean.pt,features/Track00019_S04_p14_jitter35.pt,1,1,1,1,1,0,0.23,jitter,Track00019,14,mel_mel
features/Track00019_S00_p46_clean.pt,features/Track00019_S14_p46_clean.pt,1,1,1,1,1,1,0.97,positive,Track00019,46,mel_mel
features/Track00019_S00_p46_aug36.pt,features/Track00019_S14_p46_aug36.pt,1,1,1,1,1,1,0.9638,augmented,Track00019,46,mel_mel
features/Track00019_S00_p46_clean.pt,features/Track00019_S14_p46_reg37.pt,1,1,1,1,1,1,0.5861,register_var,Track00019,46,mel_mel
features/Track00019_S00_p46_clean.pt,features/Track00019_S14_p46_reg38.pt,1,1,1,1,1,1,0.4938,register_var,Track00019,46,mel_mel
features/Track00019_S00_p46_clean.pt,features/Track00019_S14_p46_key39.pt,0,1,1,1,1,1,0.9425,key,Track00019,46,mel_mel
features/Track00019_S14_p46_clean.pt,features/Track00019_p46_vertical40.pt,1,0,1,1,1,1,0.8097,vertical,Track00019,46,mel_mel
features/Track00019_S00_p46_clean.pt,features/Track00019_S14_p46_pitch_jitter41.pt,1,1,0,1,1,1,0.8989,pitch_jitter,Track00019,46,mel_mel
features/Track00019_S00_p46_clean.pt,features/Track00019_S14_p46_tempo42.pt,1,1,1,0,1,1,0.97,tempo,Track00019,46,mel_mel
features/Track00019_S00_p46_clean.pt,features/Track00019_S14_p46_timing43.pt,1,1,1,1,0,1,0.97,timing,Track00019,46,mel_mel
features/Track00019_S00_p46_clean.pt,features/Track00019_S14_p46_jitter44.pt,1,1,1,1,1,0,0.97,jitter,Track00019,46,mel_mel
features/Track00019_S12_p46_clean.pt,features/Track00019_S14_p46_clean.pt,1,1,1,1,1,1,0.3829,positive,Track00019,46,mel_mel
features/Track00019_S12_p46_aug45.pt,features/Track00019_S14_p46_aug45.pt,1,1,1,1,1,1,0.495,augmented,Track00019,46,mel_mel
features/Track00019_S12_p46_clean.pt,features/Track00019_S14_p46_reg46.pt,1,1,1,1,1,1,0.2458,register_var,Track00019,46,mel_mel
features/Track00019_S12_p46_clean.pt,features/Track00019_S14_p46_reg47.pt,1,1,1,1,1,1,0.814,register_var,Track00019,46,mel_mel
features/Track00019_S12_p46_clean.pt,features/Track00019_S14_p46_key48.pt,0,1,1,1,1,1,0.367,key,Track00019,46,mel_mel
features/Track00019_S14_p46_clean.pt,features/Track00019_p46_vertical49.pt,1,0,1,1,1,1,0.3885,vertical,Track00019,46,mel_mel
features/Track00019_S12_p46_clean.pt,features/Track00019_S14_p46_pitch_jitter50.pt,1,1,0,1,1,1,0.6157,pitch_jitter,Track00019,46,mel_mel
features/Track00019_S12_p46_clean.pt,features/Track00019_S14_p46_tempo51.pt,1,1,1,0,1,1,0.3829,tempo,Track00019,46,mel_mel
features/Track00019_S12_p46_clean.pt,features/Track00019_S14_p46_timing52.pt,1,1,1,1,0,1,0.3829,timing,Track00019,46,mel_mel
features/Track00019_S12_p46_clean.pt,features/Track00019_S14_p46_jitter53.pt,1,1,1,1,1,0,0.3829,jitter,Track00019,46,mel_mel
features/Track00019_S00_p46_clean.pt,features/Track00019_S12_p46_clean.pt,1,1,1,1,1,1,0.4533,positive,Track00019,46,mel_mel
features/Track00019_S00_p46_aug54.pt,features/Track00019_S12_p46_aug54.pt,1,1,1,1,1,1,0.5451,augmented,Track00019,46,mel_mel
features/Track00019_S00_p46_clean.pt,features/Track00019_S12_p46_reg55.pt,1,1,1,1,1,1,0.7987,register_var,Track00019,46,mel_mel
features/Track00019_S00_p46_clean.pt,features/Track00019_S12_p46_reg56.pt,1,1,1,1,1,1,0.2012,register_var,Track00019,46,mel_mel
features/Track00019_S00_p46_clean.pt,features/Track00019_S12_p46_key57.pt,0,1,1,1,1,1,0.4903,key,Track00019,46,mel_mel
features/Track00019_S00_p46_clean.pt,features/Track00019_p46_vertical58.pt,1,0,1,1,1,1,0.4394,vertical,Track00019,46,mel_mel
features/Track00019_S00_p46_clean.pt,features/Track00019_S12_p46_pitch_jitter59.pt,1,1,0,1,1,1,0.5205,pitch_jitter,Track00019,46,mel_mel
features/Track00019_S00_p46_clean.pt,features/Track00019_S12_p46_tempo60.pt,1,1,1,0,1,1,0.4533,tempo,Track00019,46,mel_mel
features/Track00019_S00_p46_clean.pt,features/Track00019_S12_p46_timing61.pt,1,1,1,1,0,1,0.4533,timing,Track00019,46,mel_mel
features/Track00019_S00_p46_clean.pt,features/Track00019_S12_p46_jitter62.pt,1,1,1,1,1,0,0.4533,jitter,Track00019,46,mel_mel
features/Track00019_S09_p46_clean.pt,features/Track00019_S12_p46_clean.pt,1,1,1,1,1,1,0.3934,positive,Track00019,46,mel_mel
features/Track00019_S09_p46_aug63.pt,features/Track00019_S12_p46_aug63.pt,1,1,1,1,1,1,0.3652,augmented,Track00019,46,mel_mel
features/Track00019_S09_p46_clean.pt,features/Track00019_S12_p46_reg64.pt,1,1,1,1,1,1,0.7882,register_var,Track00019,46,mel_mel
features/Track00019_S09_p46_clean.pt,features/Track00019_S12_p46_reg65.pt,1,1,1,1,1,1,0.1198,register_var,Track00019,46,mel_mel
features/Track00019_S09_p46_clean.pt,features/Track00019_S12_p46_key66.pt,0,1,1,1,1,1,0.4034,key,Track00019,46,mel_mel
features/Track00019_S09_p46_clean.pt,features/Track00019_p46_vertical67.pt,1,0,1,1,1,1,0.3599,vertical,Track00019,46,mel_mel
features/Track00019_S09_p46_clean.pt,features/Track00019_S12_p46_pitch_jitter68.pt,1,1,0,1,1,1,0.4125,pitch_jitter,Track00019,46,mel_mel
features/Track00019_S09_p46_clean.pt,features/Track00019_S12_p46_tempo69.pt,1,1,1,0,1,1,0.3934,tempo,Track00019,46,mel_mel
features/Track00019_S09_p46_clean.pt,features/Track00019_S12_p46_timing70.pt,1,1,1,1,0,1,0.3934,timing,Track00019,46,mel_mel
features/Track00019_S09_p46_clean.pt,features/Track00019_S12_p46_jitter71.pt,1,1,1,1,1,0,0.3934,jitter,Track00019,46,mel_mel
features/Track00018_S15_p25_clean.pt,features/Track00018_S00_p25_clean.pt,1,1,1,1,1,1,0.244,positive,Track00018,25,bass_main
features/Track00018_S15_p25_aug0.pt,features/Track00018_S00_p25_aug0.pt,1,1,1,1,1,1,0.2174,augmented,Track00018,25,bass_main
features/Track00018_S15_p25_clean.pt,features/Track00018_S00_p25_reg1.pt,1,1,1,1,1,1,0.1487,register_var,Track00018,25,bass_main
features/Track00018_S15_p25_clean.pt,features/Track00018_S00_p25_reg2.pt,1,1,1,1,1,1,0.0,register_var,Track00018,25,bass_main
features/Track00018_S15_p25_clean.pt,features/Track00018_S00_p25_key3.pt,0,1,1,1,1,1,0.205,key,Track00018,25,bass_main
features/Track00018_S15_p25_clean.pt,features/Track00018_p25_vertical4.pt,1,0,1,1,1,1,0.2341,vertical,Track00018,25,bass_main
features/Track00018_S15_p25_clean.pt,features/Track00018_S00_p25_pitch_jitter5.pt,1,1,0,1,1,1,0.0,pitch_jitter,Track00018,25,bass_main
features/Track00018_S15_p25_clean.pt,features/Track00018_S00_p25_tempo6.pt,1,1,1,0,1,1,0.244,tempo,Track00018,25,bass_main
features/Track00018_S15_p25_clean.pt,features/Track00018_S00_p25_timing7.pt,1,1,1,1,0,1,0.244,timing,Track00018,25,bass_main
features/Track00018_S15_p25_clean.pt,features/Track00018_S00_p25_jitter8.pt,1,1,1,1,1,0,0.244,jitter,Track00018,25,bass_main
features/Track00018_S00_p25_clean.pt,features/Track00018_S07_p25_clean.pt,1,1,1,1,1,1,0.2542,positive,Track00018,25,mel_mel
features/Track00018_S00_p25_aug9.pt,features/Track00018_S07_p25_aug9.pt,1,1,1,1,1,1,0.2374,augmented,Track00018,25,mel_mel
features/Track00018_S00_p25_clean.pt,features/Track00018_S07_p25_reg10.pt,1,1,1,1,1,1,0.0766,register_var,Track00018,25,mel_mel
features/Track00018_S00_p25_clean.pt,features/Track00018_S07_p25_reg11.pt,1,1,1,1,1,1,0.5619,register_var,Track00018,25,mel_mel
features/Track00018_S00_p25_clean.pt,features/Track00018_S07_p25_key12.pt,0,1,1,1,1,1,0.2119,key,Track00018,25,mel_mel
features/Track00018_S07_p25_clean.pt,features/Track00018_p25_vertical13.pt,1,0,1,1,1,1,0.2056,vertical,Track00018,25,mel_mel
features/Track00018_S00_p25_clean.pt,features/Track00018_S07_p25_pitch_jitter14.pt,1,1,0,1,1,1,0.1158,pitch_jitter,Track00018,25,mel_mel
features/Track00018_S00_p25_clean.pt,features/Track00018_S07_p25_tempo15.pt,1,1,1,0,1,1,0.2542,tempo,Track00018,25,mel_mel
features/Track00018_S00_p25_clean.pt,features/Track00018_S07_p25_timing16.pt,1,1,1,1,0,1,0.2542,timing,Track00018,25,mel_mel
features/Track00018_S00_p25_clean.pt,features/Track00018_S07_p25_jitter17.pt,1,1,1,1,1,0,0.2542,jitter,Track00018,25,mel_mel
features/Track00018_S00_p25_clean.pt,features/Track00018_S03_p25_clean.pt,1,1,1,1,1,1,0.5619,positive,Track00018,25,mel_mel
features/Track00018_S00_p25_aug18.pt,features/Track00018_S03_p25_aug18.pt,1,1,1,1,1,1,0.5546,augmented,Track00018,25,mel_mel
features/Track00018_S00_p25_clean.pt,features/Track00018_S03_p25_reg19.pt,1,1,1,1,1,1,0.2542,register_var,Track00018,25,mel_mel
features/Track00018_S00_p25_clean.pt,features/Track00018_S03_p25_reg20.pt,1,1,1,1,1,1,0.5887,register_var,Track00018,25,mel_mel
features/Track00018_S00_p25_clean.pt,features/Track00018_S03_p25_key21.pt,0,1,1,1,1,1,0.2832,key,Track00018,25,mel_mel
features/Track00018_S03_p25_clean.pt,features/Track00018_p25_vertical22.pt,1,0,1,1,1,1,0.4853,vertical,Track00018,25,mel_mel
features/Track00018_S00_p25_clean.pt,features/Track00018_S03_p25_pitch_jitter23.pt,1,1,0,1,1,1,0.4226,pitch_jitter,Track00018,25,mel_mel
features/Track00018_S00_p25_clean.pt,features/Track00018_S03_p25_tempo24.pt,1,1,1,0,1,1,0.5619,tempo,Track00018,25,mel_mel
features/Track00018_S00_p25_clean.pt,features/Track00018_S03_p25_timing25.pt,1,1,1,1,0,1,0.5619,timing,Track00018,25,mel_mel
features/Track00018_S00_p25_clean.pt,features/Track00018_S03_p25_jitter26.pt,1,1,1,1,1,0,0.5619,jitter,Track00018,25,mel_mel
features/Track00018_S00_p25_clean.pt,features/Track00018_S05_p25_clean.pt,1,1,1,1,1,1,0.5619,positive,Track00018,25,mel_mel
features/Track00018_S00_p25_aug27.pt,features/Track00018_S05_p25_aug27.pt,1,1,1,1,1,1,0.5866,augmented,Track00018,25,mel_mel
features/Track00018_S00_p25_clean.pt,features/Track00018_S05_p25_reg28.pt,1,1,1,1,1,1,0.2542,register_var,Track00018,25,mel_mel
features/Track00018_S00_p25_clean.pt,features/Track00018_S05_p25_reg29.pt,1,1,1,1,1,1,0.5887,register_var,Track00018,25,mel_mel
features/Track00018_S00_p25_clean.pt,features/Track00018_S05_p25_key30.pt,0,1,1,1,1,1,0.4607,key,Track00018,25,mel_mel
features/Track00018_S05_p25_clean.pt,features/Track00018_p25_vertical31.pt,1,0,1,1,1,1,0.4853,vertical,Track00018,25,mel_mel
features/Track00018_S00_p25_clean.pt,features/Track00018_S05_p25_pitch_jitter32.pt,1,1,0,1,1,1,0.5097,pitch_jitter,Track00018,25,mel_mel
features/Track00018_S00_p25_clean.pt,features/Track00018_S05_p25_tempo33.pt,1,1,1,0,1,1,0.5619,tempo,Track00018,25,mel_mel
features/Track00018_S00_p25_clean.pt,features/Track00018_S05_p25_timing34.pt,1,1,1,1,0,1,0.5619,timing,Track00018,25,mel_mel
features/Track00018_S00_p25_clean.pt,features/Track00018_S05_p25_jitter35.pt,1,1,1,1,1,0,0.5619,jitter,Track00018,25,mel_mel
features/Track00018_S15_p43_clean.pt,features/Track00018_S00_p43_clean.pt,1,1,1,1,1,1,0.244,positive,Track00018,43,bass_main
features/Track00018_S15_p43_aug36.pt,features/Track00018_S00_p43_aug36.pt,1,1,1,1,1,1,0.2174,augmented,Track00018,43,bass_main
features/Track00018_S15_p43_clean.pt,features/Track00018_S00_p43_reg37.pt,1,1,1,1,1,1,0.1486,register_var,Track00018,43,bass_main
features/Track00018_S15_p43_clean.pt,features/Track00018_S00_p43_reg38.pt,1,1,1,1,1,1,0.0,register_var,Track00018,43,bass_main
features/Track00018_S15_p43_clean.pt,features/Track00018_S00_p43_key39.pt,0,1,1,1,1,1,0.205,key,Track00018,43,bass_main
features/Track00018_S15_p43_clean.pt,features/Track00018_p43_vertical40.pt,1,0,1,1,1,1,0.2341,vertical,Track00018,43,bass_main
features/Track00018_S15_p43_clean.pt,features/Track00018_S00_p43_pitch_jitter41.pt,1,1,0,1,1,1,0.2417,pitch_jitter,Track00018,43,bass_main
features/Track00018_S15_p43_clean.pt,features/Track00018_S00_p43_tempo42.pt,1,1,1,0,1,1,0.244,tempo,Track00018,43,bass_main
features/Track00018_S15_p43_clean.pt,features/Track00018_S00_p43_timing43.pt,1,1,1,1,0,1,0.244,timing,Track00018,43,bass_main
features/Track00018_S15_p43_clean.pt,features/Track00018_S00_p43_jitter44.pt,1,1,1,1,1,0,0.244,jitter,Track00018,43,bass_main
features/Track00018_S00_p43_clean.pt,features/Track00018_S07_p43_clean.pt,1,1,1,1,1,1,0.2542,positive,Track00018,43,mel_mel
features/Track00018_S00_p43_aug45.pt,features/Track00018_S07_p43_aug45.pt,1,1,1,1,1,1,0.2276,augmented,Track00018,43,mel_mel
features/Track00018_S00_p43_clean.pt,features/Track00018_S07_p43_reg46.pt,1,1,1,1,1,1,0.0766,register_var,Track00018,43,mel_mel
features/Track00018_S00_p43_clean.pt,features/Track00018_S07_p43_reg47.pt,1,1,1,1,1,1,0.5619,register_var,Track00018,43,mel_mel
features/Track00018_S00_p43_clean.pt,features/Track00018_S07_p43_key48.pt,0,1,1,1,1,1,0.2119,key,Track00018,43,mel_mel
features/Track00018_S07_p43_clean.pt,features/Track00018_p43_vertical49.pt,1,0,1,1,1,1,0.2056,vertical,Track00018,43,mel_mel
features/Track00018_S00_p43_clean.pt,features/Track00018_S07_p43_pitch_jitter50.pt,1,1,0,1,1,1,0.0958,pitch_jitter,Track00018,43,mel_mel
features/Track00018_S00_p43_clean.pt,features/Track00018_S07_p43_tempo51.pt,1,1,1,0,1,1,0.2542,tempo,Track00018,43,mel_mel
features/Track00018_S00_p43_clean.pt,features/Track00018_S07_p43_timing52.pt,1,1,1,1,0,1,0.2542,timing,Track00018,43,mel_mel
features/Track00018_S00_p43_clean.pt,features/Track00018_S07_p43_jitter53.pt,1,1,1,1,1,0,0.2542,jitter,Track00018,43,mel_mel
features/Track00018_S00_p43_clean.pt,features/Track00018_S03_p43_clean.pt,1,1,1,1,1,1,0.5619,positive,Track00018,43,mel_mel
features/Track00018_S00_p43_aug54.pt,features/Track00018_S03_p43_aug54.pt,1,1,1,1,1,1,0.5546,augmented,Track00018,43,mel_mel
features/Track00018_S00_p43_clean.pt,features/Track00018_S03_p43_reg55.pt,1,1,1,1,1,1,0.2542,register_var,Track00018,43,mel_mel
features/Track00018_S00_p43_clean.pt,features/Track00018_S03_p43_reg56.pt,1,1,1,1,1,1,0.5887,register_var,Track00018,43,mel_mel
features/Track00018_S00_p43_clean.pt,features/Track00018_S03_p43_key57.pt,0,1,1,1,1,1,0.2832,key,Track00018,43,mel_mel
features/Track00018_S03_p43_clean.pt,features/Track00018_p43_vertical58.pt,1,0,1,1,1,1,0.4853,vertical,Track00018,43,mel_mel
features/Track00018_S00_p43_clean.pt,features/Track00018_S03_p43_pitch_jitter59.pt,1,1,0,1,1,1,0.4482,pitch_jitter,Track00018,43,mel_mel
features/Track00018_S00_p43_clean.pt,features/Track00018_S03_p43_tempo60.pt,1,1,1,0,1,1,0.5619,tempo,Track00018,43,mel_mel
features/Track00018_S00_p43_clean.pt,features/Track00018_S03_p43_timing61.pt,1,1,1,1,0,1,0.5619,timing,Track00018,43,mel_mel
features/Track00018_S00_p43_clean.pt,features/Track00018_S03_p43_jitter62.pt,1,1,1,1,1,0,0.5619,jitter,Track00018,43,mel_mel
features/Track00018_S00_p43_clean.pt,features/Track00018_S11_p43_clean.pt,1,1,1,1,1,1,0.2575,positive,Track00018,43,mel_mel
features/Track00018_S00_p43_aug63.pt,features/Track00018_S11_p43_aug63.pt,1,1,1,1,1,1,0.2403,augmented,Track00018,43,mel_mel
features/Track00018_S00_p43_clean.pt,features/Track00018_S11_p43_reg64.pt,1,1,1,1,1,1,0.0777,register_var,Track00018,43,mel_mel
features/Track00018_S00_p43_clean.pt,features/Track00018_S11_p43_reg65.pt,1,1,1,1,1,1,0.5632,register_var,Track00018,43,mel_mel
features/Track00018_S00_p43_clean.pt,features/Track00018_S11_p43_key66.pt,0,1,1,1,1,1,0.1037,key,Track00018,43,mel_mel
features/Track00018_S11_p43_clean.pt,features/Track00018_p43_vertical67.pt,1,0,1,1,1,1,0.2082,vertical,Track00018,43,mel_mel
features/Track00018_S00_p43_clean.pt,features/Track00018_S11_p43_pitch_jitter68.pt,1,1,0,1,1,1,0.2062,pitch_jitter,Track00018,43,mel_mel
features/Track00018_S00_p43_clean.pt,features/Track00018_S11_p43_tempo69.pt,1,1,1,0,1,1,0.2575,tempo,Track00018,43,mel_mel
features/Track00018_S00_p43_clean.pt,features/Track00018_S11_p43_timing70.pt,1,1,1,1,0,1,0.2575,timing,Track00018,43,mel_mel
features/Track00018_S00_p43_clean.pt,features/Track00018_S11_p43_jitter71.pt,1,1,1,1,1,0,0.2575,jitter,Track00018,43,mel_mel
features/Track00018_S00_p43_clean.pt,features/Track00018_S05_p43_clean.pt,1,1,1,1,1,1,0.5619,positive,Track00018,43,mel_mel
features/Track00018_S00_p43_aug72.pt,features/Track00018_S05_p43_aug72.pt,1,1,1,1,1,1,0.5546,augmented,Track00018,43,mel_mel
features/Track00018_S00_p43_clean.pt,features/Track00018_S05_p43_reg73.pt,1,1,1,1,1,1,0.2542,register_var,Track00018,43,mel_mel
features/Track00018_S00_p43_clean.pt,features/Track00018_S05_p43_reg74.pt,1,1,1,1,1,1,0.5887,register_var,Track00018,43,mel_mel
features/Track00018_S00_p43_clean.pt,features/Track00018_S05_p43_key75.pt,0,1,1,1,1,1,0.4607,key,Track00018,43,mel_mel
features/Track00018_S05_p43_clean.pt,features/Track00018_p43_vertical76.pt,1,0,1,1,1,1,0.4853,vertical,Track00018,43,mel_mel
features/Track00018_S00_p43_clean.pt,features/Track00018_S05_p43_pitch_jitter77.pt,1,1,0,1,1,1,0.3118,pitch_jitter,Track00018,43,mel_mel
features/Track00018_S00_p43_clean.pt,features/Track00018_S05_p43_tempo78.pt,1,1,1,0,1,1,0.5619,tempo,Track00018,43,mel_mel
features/Track00018_S00_p43_clean.pt,features/Track00018_S05_p43_timing79.pt,1,1,1,1,0,1,0.5619,timing,Track00018,43,mel_mel
features/Track00018_S00_p43_clean.pt,features/Track00018_S05_p43_jitter80.pt,1,1,1,1,1,0,0.5619,jitter,Track00018,43,mel_mel
